名稱,地點,類別,住宿區域,推薦日,亮點,評分,距離,Google地圖,食べログ
味之札幌 大西 (味噌咖哩牛奶拉麵),味の札幌 大西 青森市,正餐名物,青森市・八甲田,Day 1,青森靈魂美食創始名店！味噌香濃、咖哩微辛、豚奶溫潤，搭配大塊北海道奶油與爽脆筍乾,★★★★★,步行 7 分,https://www.google.com/maps/search/?api=1&query=%E5%91%B3%E3%81%AE%E6%9C%AD%E5%B9%8C%20%E5%A4%A7%E8%A5%BF%20%E9%9D%92%E6%A3%AE%E5%B8%82,https://tabelog.com/rstLst/?sw=%E5%91%B3%E3%81%AE%E6%9C%AD%E5%B9%8C%20%E5%A4%A7%E8%A5%BF
青森帆立小屋 (現釣扇貝體驗),帆立小屋 青森 青森市,正餐名物,青森市・八甲田,Day 1,超人氣現釣扇貝體驗店！限時釣扇貝，可現場現開刺身、炭火燒烤或握壽司，鮮甜多汁,★★★★★,青森站前步行 2 分,https://www.google.com/maps/search/?api=1&query=%E5%B8%86%E7%AB%8B%E5%B0%8F%E5%B1%8B%20%E9%9D%92%E6%A3%AE%20%E9%9D%92%E6%A3%AE%E5%B8%82,https://tabelog.com/rstLst/?sw=%E5%B8%86%E7%AB%8B%E5%B0%8F%E5%B1%8B%20%E9%9D%92%E6%A3%AE
おさない 食堂 (Osanai 海鮮定食),食事処 おさない 青森市,正餐名物,青森市・八甲田,Day 1,青森市民與旅人最推海鮮定食老店！招牌活扇貝奶油燒定食、陸奧灣生魚片與海膽丼,★★★★☆,青森站前步行 3 分,https://www.google.com/maps/search/?api=1&query=%E9%A3%9F%E4%BA%8B%E5%87%A6%20%E3%81%8A%E3%81%95%E3%81%AA%E3%81%84%20%E9%9D%92%E6%A3%AE%E5%B8%82,https://tabelog.com/rstLst/?sw=%E9%A3%9F%E4%BA%8B%E5%87%A6%20%E3%81%8A%E3%81%95%E3%81%AA%E3%81%84
一八壽司 (Ippachi Sushi),一八寿し 青森 青森市,正餐名物,青森市・八甲田,Day 1,在地六十年江戶前老壽司店，當日陸奧灣近海直送黑鮪魚、甜蝦、活干貝握壽司套餐極具性價比,★★★★☆,青森站東口步行 8 分,https://www.google.com/maps/search/?api=1&query=%E4%B8%80%E5%85%AB%E5%AF%BF%E3%81%97%20%E9%9D%92%E6%A3%AE%20%E9%9D%92%E6%A3%AE%E5%B8%82,https://tabelog.com/rstLst/?sw=%E4%B8%80%E5%85%AB%E5%AF%BF%E3%81%97%20%E9%9D%92%E6%A3%AE
長尾中華拉麵 青森站前店,長尾中華そば 青森駅前店 青森市,正餐名物,青森市・八甲田,Day 1,津輕煮干拉麵名門！「濃口煮干」以特量小魚乾慢火熬煮濃郁魚介豚骨湯頭，搭配特粗手揉麵條驅寒過癮,★★★★☆,青森站前步行 1 分,https://www.google.com/maps/search/?api=1&query=%E9%95%B7%E5%B0%BE%E4%B8%AD%E8%8F%AF%E3%81%9D%E3%81%B0%20%E9%9D%92%E6%A3%AE%E9%A7%85%E5%89%8D%E5%BA%97%20%E9%9D%92%E6%A3%AE%E5%B8%82,https://tabelog.com/rstLst/?sw=%E9%95%B7%E5%B0%BE%E4%B8%AD%E8%8F%AF%E3%81%9D%E3%81%B0%20%E9%9D%92%E6%A3%AE%E9%A7%85%E5%89%8D%E5%BA%97
津輕海峽 鮮魚 魚喰いの田,魚喰いの田 青森 青森市,正餐名物,青森市・八甲田,Day 1,陸奧灣新鮮比目魚薄切、三陸海膽生食與炙燒本鮪大腹，搭配青森在地純米酒絕品,★★★★★,本町步行 10 分,https://www.google.com/maps/search/?api=1&query=%E9%AD%9A%E5%96%B0%E3%81%84%E3%81%AE%E7%94%B0%20%E9%9D%92%E6%A3%AE%20%E9%9D%92%E6%A3%AE%E5%B8%82,https://tabelog.com/rstLst/?sw=%E9%AD%9A%E5%96%B0%E3%81%84%E3%81%AE%E7%94%B0%20%E9%9D%92%E6%A3%AE
善知鳥 居酒屋 (Utou),善知鳥 青森 青森市,正餐名物,青森市・八甲田,Day 1,善知鳥神社旁老字號海鮮小料理，烤活扇貝、烤青森地雞串與自家製鹽辛花枝,★★★★☆,安方步行 5 分,https://www.google.com/maps/search/?api=1&query=%E5%96%84%E7%9F%A5%E9%B3%A5%20%E9%9D%92%E6%A3%AE%20%E9%9D%92%E6%A3%AE%E5%B8%82,https://tabelog.com/rstLst/?sw=%E5%96%84%E7%9F%A5%E9%B3%A5%20%E9%9D%92%E6%A3%AE
丸青食堂 (Marusei 食堂),丸青食堂 青森 青森市,正餐名物,青森市・八甲田,Day 1,新鮮海鮮市場內老食堂！特選七色海鮮丼鋪滿鮪魚、海膽、干貝與鮭魚卵，晨間即營業,★★★★☆,新町 AugA 地下市場,https://www.google.com/maps/search/?api=1&query=%E4%B8%B8%E9%9D%92%E9%A3%9F%E5%A0%82%20%E9%9D%92%E6%A3%AE%20%E9%9D%92%E6%A3%AE%E5%B8%82,https://tabelog.com/rstLst/?sw=%E4%B8%B8%E9%9D%92%E9%A3%9F%E5%A0%82%20%E9%9D%92%E6%A3%AE
津輕居酒屋 甚六 (Jinroku),津軽居酒屋 甚六 青森 青森市,正餐名物,青森市・八甲田,Day 1・2,在地人極推的炭烤居酒屋，現烤八甲田豚肉串燒、蒜香炒墨魚與津輕鄉土生薑味噌關東煮,★★★★☆,本町步行 11 分,https://www.google.com/maps/search/?api=1&query=%E6%B4%A5%E8%BB%BD%E5%B1%85%E9%85%92%E5%B1%8B%20%E7%94%9A%E5%85%AD%20%E9%9D%92%E6%A3%AE%20%E9%9D%92%E6%A3%AE%E5%B8%82,https://tabelog.com/rstLst/?sw=%E6%B4%A5%E8%BB%BD%E5%B1%85%E9%85%92%E5%B1%8B%20%E7%94%9A%E5%85%AD%20%E9%9D%92%E6%A3%AE
拉麵 辻井 (Tsujii 煮干拉麵),辻井 青森 青森市,正餐名物,青森市・八甲田,Day 1,傳奇兼賣小魚乾拉麵的老舖！清透醇厚小魚乾湯頭搭配軟糯紅豆麻糬，一鹹一甜絕妙平衡,★★★★☆,浪打車程 8 分,https://www.google.com/maps/search/?api=1&query=%E8%BE%BB%E4%BA%95%20%E9%9D%92%E6%A3%AE%20%E9%9D%92%E6%A3%AE%E5%B8%82,https://tabelog.com/rstLst/?sw=%E8%BE%BB%E4%BA%95%20%E9%9D%92%E6%A3%AE
モヤヒルズ 展望花壇木屋餐廳,モヤヒルズ 展望花壇木屋餐廳 青森市,正餐名物,青森市・八甲田,Day 2,滑雪中繼站熱食！青森黑蒜豬排咖哩飯、熱騰騰生姜味噌黑豚拉麵與炸薯條,★★★★☆,雪場 Center House 2F,https://www.google.com/maps/search/?api=1&query=%E3%83%A2%E3%83%A4%E3%83%92%E3%83%AB%E3%82%BA%20%E5%B1%95%E6%9C%9B%E8%8A%B1%E5%A3%87%E6%9C%A8%E5%B1%8B%E9%A4%90%E5%BB%B3%20%E9%9D%92%E6%A3%AE%E5%B8%82,https://tabelog.com/rstLst/?sw=%E3%83%A2%E3%83%A4%E3%83%92%E3%83%AB%E3%82%BA%20%E5%B1%95%E6%9C%9B%E8%8A%B1%E5%A3%87%E6%9C%A8%E5%B1%8B%E9%A4%90%E5%BB%B3
青森魚菜中心 (古川市場 のっけ丼),青森魚菜中心 青森市,正餐名物,青森市・八甲田,Day 2,買食券自選海鮮料的元祖「自選海鮮丼 (Nokke-don)」！陸奧灣活干貝、黑鮪魚中腹、海膽堆滿滿,★★★★★,青森站東口步行 5 分,https://www.google.com/maps/search/?api=1&query=%E9%9D%92%E6%A3%AE%E9%AD%9A%E8%8F%9C%E4%B8%AD%E5%BF%83%20%E9%9D%92%E6%A3%AE%E5%B8%82,https://tabelog.com/rstLst/?sw=%E9%9D%92%E6%A3%AE%E9%AD%9A%E8%8F%9C%E4%B8%AD%E5%BF%83
三內溫泉 昭和食堂,三内温泉 食堂 青森 青森市,正餐名物,青森市・八甲田,Day 2,高濃度硫磺溫泉附設食堂，滑雪泡湯後品嚐大盛鍋燒烏龍與山菜天婦羅,★★★★☆,車程 10 分,https://www.google.com/maps/search/?api=1&query=%E4%B8%89%E5%86%85%E6%B8%A9%E6%B3%89%20%E9%A3%9F%E5%A0%82%20%E9%9D%92%E6%A3%AE%20%E9%9D%92%E6%A3%AE%E5%B8%82,https://tabelog.com/rstLst/?sw=%E4%B8%89%E5%86%85%E6%B8%A9%E6%B3%89%20%E9%A3%9F%E5%A0%82%20%E9%9D%92%E6%A3%AE
辻井餅店 (辻井の煮干し中華),辻井餅店 青森市,正餐名物,青森市・八甲田,Day 2,青森傳奇兼賣和菓子與小魚乾拉麵的老舖！清透醇厚小魚乾湯頭搭配軟糯紅豆麻糬,★★★★☆,浪打步行約 12 分,https://www.google.com/maps/search/?api=1&query=%E8%BE%BB%E4%BA%95%E9%A4%85%E5%BA%97%20%E9%9D%92%E6%A3%AE%E5%B8%82,https://tabelog.com/rstLst/?sw=%E8%BE%BB%E4%BA%95%E9%A4%85%E5%BA%97
青森 炭火燒鳥 鳥之助,青森 炭火燒鳥 鳥之助 青森市,正餐名物,青森市・八甲田,Day 2,青森地雞慢火炭烤串燒，雞皮酥脆肉質彈牙，配上冰涼在地生啤酒,★★★★☆,本町步行 12 分,https://www.google.com/maps/search/?api=1&query=%E9%9D%92%E6%A3%AE%20%E7%82%AD%E7%81%AB%E7%87%92%E9%B3%A5%20%E9%B3%A5%E4%B9%8B%E5%8A%A9%20%E9%9D%92%E6%A3%AE%E5%B8%82,https://tabelog.com/rstLst/?sw=%E9%9D%92%E6%A3%AE%20%E7%82%AD%E7%81%AB%E7%87%92%E9%B3%A5%20%E9%B3%A5%E4%B9%8B%E5%8A%A9
小路居酒屋 樽 (Taru),小路居酒屋 樽 青森市,正餐名物,青森市・八甲田,Day 2,巨型釀酒木桶包廂內享用青森鄉土海鮮與黑鮪魚下巴炭烤,★★★★★,本町步行 11 分,https://www.google.com/maps/search/?api=1&query=%E5%B0%8F%E8%B7%AF%E5%B1%85%E9%85%92%E5%B1%8B%20%E6%A8%BD%20%E9%9D%92%E6%A3%AE%E5%B8%82,https://tabelog.com/rstLst/?sw=%E5%B0%8F%E8%B7%AF%E5%B1%85%E9%85%92%E5%B1%8B%20%E6%A8%BD
大勝軒 青森店 (特製沾麵),大勝軒 青森店 青森市,正餐名物,青森市・八甲田,Day 2,東池袋大勝軒正宗傳承，自製彈牙粗麵搭配甘酸濃醇豚骨魚介沾湯,★★★★☆,茶屋町車程 6 分,https://www.google.com/maps/search/?api=1&query=%E5%A4%A7%E5%8B%9D%E8%BB%92%20%E9%9D%92%E6%A3%AE%E5%BA%97%20%E9%9D%92%E6%A3%AE%E5%B8%82,https://tabelog.com/rstLst/?sw=%E5%A4%A7%E5%8B%9D%E8%BB%92%20%E9%9D%92%E6%A3%AE%E5%BA%97
中華拉麵 砂小屋 (Sunagoya),中華 砂小屋 青森市,正餐名物,青森市・八甲田,Day 2,深夜煮干拉麵老字號，濃口煮干拉麵配特大厚切炙燒叉燒,★★★★☆,新町步行 8 分,https://www.google.com/maps/search/?api=1&query=%E4%B8%AD%E8%8F%AF%20%E7%A0%82%E5%B0%8F%E5%B1%8B%20%E9%9D%92%E6%A3%AE%E5%B8%82,https://tabelog.com/rstLst/?sw=%E4%B8%AD%E8%8F%AF%20%E7%A0%82%E5%B0%8F%E5%B1%8B
青森旬味 幸之助 (Konosuke),青森旬味 幸之助 青森市,正餐名物,青森市・八甲田,Day 2,在地職人握壽司與白子天婦羅，嚴選津輕海峽冬旬海味,★★★★☆,橋本步行 14 分,https://www.google.com/maps/search/?api=1&query=%E9%9D%92%E6%A3%AE%E6%97%AC%E5%91%B3%20%E5%B9%B8%E4%B9%8B%E5%8A%A9%20%E9%9D%92%E6%A3%AE%E5%B8%82,https://tabelog.com/rstLst/?sw=%E9%9D%92%E6%A3%AE%E6%97%AC%E5%91%B3%20%E5%B9%B8%E4%B9%8B%E5%8A%A9
八甲田山麓 木屋餐廳,八甲田山麓 木屋餐廳 青森市,正餐名物,青森市・八甲田,Day 3,滑雪攻頂前必吃！青森生薑燒肉定食、八甲田山菜蕎麥熱湯與溫熱甘酒,★★★★☆,纜車山麓站內,https://www.google.com/maps/search/?api=1&query=%E5%85%AB%E7%94%B2%E7%94%B0%E5%B1%B1%E9%BA%93%20%E6%9C%A8%E5%B1%8B%E9%A4%90%E5%BB%B3%20%E9%9D%92%E6%A3%AE%E5%B8%82,https://tabelog.com/rstLst/?sw=%E5%85%AB%E7%94%B2%E7%94%B0%E5%B1%B1%E9%BA%93%20%E6%9C%A8%E5%B1%8B%E9%A4%90%E5%BB%B3
酸湯溫泉 鬼面庵 (Sukayu Onsen),酸湯溫泉 鬼面庵 青森市,正餐名物,青森市・八甲田,Day 3,三百年秘湯名店！品嚐名物「酸湯手打蕎麥麵」與「生姜味噌筍乾溫泉蛋」，湯頭清澈微甘,★★★★★,距纜車站車程 8 分,https://www.google.com/maps/search/?api=1&query=%E9%85%B8%E6%B9%AF%E6%BA%AB%E6%B3%89%20%E9%AC%BC%E9%9D%A2%E5%BA%B5%20%E9%9D%92%E6%A3%AE%E5%B8%82,https://tabelog.com/rstLst/?sw=%E9%85%B8%E6%B9%AF%E6%BA%AB%E6%B3%89%20%E9%AC%BC%E9%9D%A2%E5%BA%B5
青森鄉土料理 樽 (Taru),青森鄉土料理 樽 青森市,正餐名物,青森市・八甲田,Day 3,在巨型杉木酒桶包廂內品嚐陸奧灣產鮮烤活扇貝、津輕香烤櫻花肉 (馬肉刺身) 與田酒,★★★★★,本町步行 11 分,https://www.google.com/maps/search/?api=1&query=%E9%9D%92%E6%A3%AE%E9%84%89%E5%9C%9F%E6%96%99%E7%90%86%20%E6%A8%BD%20%E9%9D%92%E6%A3%AE%E5%B8%82,https://tabelog.com/rstLst/?sw=%E9%9D%92%E6%A3%AE%E9%84%89%E5%9C%9F%E6%96%99%E7%90%86%20%E6%A8%BD
六兵衛 (Rokubee 居酒屋),六兵衛 青森市,正餐名物,青森市・八甲田,Day 3,炭火直烤在地川魚鹽烤、烤津輕大蔥與暖胃的青森鱈魚白子鍋 (タラキク),★★★★☆,古川步行 6 分,https://www.google.com/maps/search/?api=1&query=%E5%85%AD%E5%85%B5%E8%A1%9B%20%E9%9D%92%E6%A3%AE%E5%B8%82,https://tabelog.com/rstLst/?sw=%E5%85%AD%E5%85%B5%E8%A1%9B
津輕煮干拉麵 高長 (Takacho),津輕煮干 高長 青森市,正餐名物,青森市・八甲田,Day 3,老饕私房小魚乾拉麵！湯頭微苦回甘，手作叉燒厚實軟嫩，充滿濃濃昭和鄉土情懷,★★★★☆,站前商圈步行 7 分,https://www.google.com/maps/search/?api=1&query=%E6%B4%A5%E8%BC%95%E7%85%AE%E5%B9%B2%20%E9%AB%98%E9%95%B7%20%E9%9D%92%E6%A3%AE%E5%B8%82,https://tabelog.com/rstLst/?sw=%E6%B4%A5%E8%BC%95%E7%85%AE%E5%B9%B2%20%E9%AB%98%E9%95%B7
八甲田 山頂ヒュッテ 食堂,八甲田 山頂ヒュッテ 食堂 青森市,正餐名物,青森市・八甲田,Day 3,"標高 1,324m 雲上熱食！現煮紅酒燉豚肉定食與熱咖啡",★★★★☆,纜車山頂站旁,https://www.google.com/maps/search/?api=1&query=%E5%85%AB%E7%94%B2%E7%94%B0%20%E5%B1%B1%E9%A0%82%E3%83%92%E3%83%A5%E3%83%83%E3%83%86%20%E9%A3%9F%E5%A0%82%20%E9%9D%92%E6%A3%AE%E5%B8%82,https://tabelog.com/rstLst/?sw=%E5%85%AB%E7%94%B2%E7%94%B0%20%E5%B1%B1%E9%A0%82%E3%83%92%E3%83%A5%E3%83%83%E3%83%86%20%E9%A3%9F%E5%A0%82
城倉飯店 溪谷餐廳 (Hotel Jogakura),城倉飯店 溪谷餐廳 青森市,正餐名物,青森市・八甲田,Day 3,八甲田山麓北歐風木屋飯店，主廚特製法式燉小豚肉與蘋果濃湯,★★★★★,車程 10 分,https://www.google.com/maps/search/?api=1&query=%E5%9F%8E%E5%80%89%E9%A3%AF%E5%BA%97%20%E6%BA%AA%E8%B0%B7%E9%A4%90%E5%BB%B3%20%E9%9D%92%E6%A3%AE%E5%B8%82,https://tabelog.com/rstLst/?sw=%E5%9F%8E%E5%80%89%E9%A3%AF%E5%BA%97%20%E6%BA%AA%E8%B0%B7%E9%A4%90%E5%BB%B3
萱野茶屋 延命長生蕎麥,萱野茶屋 延命長生蕎麥 青森市,正餐名物,青森市・八甲田,Day 3,喝了長生不老茶後品嚐山菜現炸野菜天婦羅手打蕎麥,★★★★☆,八甲田山麓巴士站,https://www.google.com/maps/search/?api=1&query=%E8%90%B1%E9%87%8E%E8%8C%B6%E5%B1%8B%20%E5%BB%B6%E5%91%BD%E9%95%B7%E7%94%9F%E8%95%8E%E9%BA%A5%20%E9%9D%92%E6%A3%AE%E5%B8%82,https://tabelog.com/rstLst/?sw=%E8%90%B1%E9%87%8E%E8%8C%B6%E5%B1%8B%20%E5%BB%B6%E5%91%BD%E9%95%B7%E7%94%9F%E8%95%8E%E9%BA%A5
一平居酒屋 (Ippei 青森本町),一平居酒屋 青森市,正餐名物,青森市・八甲田,Day 3,青森產特大岩牡蠣刺身、豚筋燉煮與津輕在地清酒品飲,★★★★☆,本町步行 10 分,https://www.google.com/maps/search/?api=1&query=%E4%B8%80%E5%B9%B3%E5%B1%85%E9%85%92%E5%B1%8B%20%E9%9D%92%E6%A3%AE%E5%B8%82,https://tabelog.com/rstLst/?sw=%E4%B8%80%E5%B9%B3%E5%B1%85%E9%85%92%E5%B1%8B
青森大勝軒 濃口沾麵,青森大勝軒 濃口沾麵 青森市,正餐名物,青森市・八甲田,Day 3,自製特粗小麥麵沾濃厚魚介豚骨湯，肉量澎湃,★★★★☆,市區車程 6 分,https://www.google.com/maps/search/?api=1&query=%E9%9D%92%E6%A3%AE%E5%A4%A7%E5%8B%9D%E8%BB%92%20%E6%BF%83%E5%8F%A3%E6%B2%BE%E9%BA%B5%20%E9%9D%92%E6%A3%AE%E5%B8%82,https://tabelog.com/rstLst/?sw=%E9%9D%92%E6%A3%AE%E5%A4%A7%E5%8B%9D%E8%BB%92%20%E6%BF%83%E5%8F%A3%E6%B2%BE%E9%BA%B5
八食中心 七輪村 (Shichirin-mura),八食センター 七厘村 八戸市,正餐名物,八戶,Day 4,必玩美食體驗！於市場海鮮攤自選活干貝、帝王蟹腳、活鮑魚、厚切豚舌，租借炭火七輪現場現烤，鮮美無比,★★★★★,八食中心內,https://www.google.com/maps/search/?api=1&query=%E5%85%AB%E9%A3%9F%E3%82%BB%E3%83%B3%E3%82%BF%E3%83%BC%20%E4%B8%83%E5%8E%98%E6%9D%91%20%E5%85%AB%E6%88%B8%E5%B8%82,https://tabelog.com/rstLst/?sw=%E5%85%AB%E9%A3%9F%E3%82%BB%E3%83%B3%E3%82%BF%E3%83%BC%20%E4%B8%83%E5%8E%98%E6%9D%91
勢登鮨 (Setozushi 八食店),勢登鮨 八食センター店 八戸市,正餐名物,八戶,Day 4,平價大份量！八戶前沖產黑鮪魚中腹丼、海膽干貝握壽司與現煮八戶仙貝湯定食,★★★★☆,八食中心 1F,https://www.google.com/maps/search/?api=1&query=%E5%8B%A2%E7%99%BB%E9%AE%A8%20%E5%85%AB%E9%A3%9F%E3%82%BB%E3%83%B3%E3%82%BF%E3%83%BC%E5%BA%97%20%E5%85%AB%E6%88%B8%E5%B8%82,https://tabelog.com/rstLst/?sw=%E5%8B%A2%E7%99%BB%E9%AE%A8%20%E5%85%AB%E9%A3%9F%E3%82%BB%E3%83%B3%E3%82%BF%E3%83%BC%E5%BA%97
みろく橫丁 (Miroku Yokocho 屋台村),みろく横丁 八戸 八戸市,正餐名物,八戶,Day 4,八戶最著名昭和復古屋台村！聚集 26 攤特色路邊居酒屋，品嚐現烤青花魚、八戶仙貝汁與在地地酒,★★★★★,八戶市中心車程 15 分,https://www.google.com/maps/search/?api=1&query=%E3%81%BF%E3%82%8D%E3%81%8F%E6%A8%AA%E4%B8%81%20%E5%85%AB%E6%88%B8%20%E5%85%AB%E6%88%B8%E5%B8%82,https://tabelog.com/rstLst/?sw=%E3%81%BF%E3%82%8D%E3%81%8F%E6%A8%AA%E4%B8%81%20%E5%85%AB%E6%88%B8
三春屋 みなと食堂 (Minato Shokudo),みなと食堂 八戸 八戸市,正餐名物,八戶,Day 4,日本全國丼飯金賞！招牌「平目丼 (比目魚漬丼)」特調蛋黃醬汁拌飯，魚肉晶瑩彈牙,★★★★★,陸奧湊站步行 2 分,https://www.google.com/maps/search/?api=1&query=%E3%81%BF%E3%81%AA%E3%81%A8%E9%A3%9F%E5%A0%82%20%E5%85%AB%E6%88%B8%20%E5%85%AB%E6%88%B8%E5%B8%82,https://tabelog.com/rstLst/?sw=%E3%81%BF%E3%81%AA%E3%81%A8%E9%A3%9F%E5%A0%82%20%E5%85%AB%E6%88%B8
いと重 (Itoju 割烹料理),いと重 八戸市,正餐名物,八戶,Day 4,八戶百年傳統料亭，提供正統「いちご煮 (海膽鮑魚潮汁)」與前沖青花魚鄉土宴席,★★★★☆,八戶市番町步行約 15 分,https://www.google.com/maps/search/?api=1&query=%E3%81%84%E3%81%A8%E9%87%8D%20%E5%85%AB%E6%88%B8%E5%B8%82,https://tabelog.com/rstLst/?sw=%E3%81%84%E3%81%A8%E9%87%8D
八戶前沖鯖魚 專門店 鯖の駅,八戶前沖鯖魚 專門店 鯖の駅 八戸市,正餐名物,八戶,Day 4,全日本第一間青花魚專門居酒屋！前沖青花魚生魚片、味噌煮與烤青花魚串,★★★★★,六日町步行 15 分,https://www.google.com/maps/search/?api=1&query=%E5%85%AB%E6%88%B6%E5%89%8D%E6%B2%96%E9%AF%96%E9%AD%9A%20%E5%B0%88%E9%96%80%E5%BA%97%20%E9%AF%96%E3%81%AE%E9%A7%85%20%E5%85%AB%E6%88%B8%E5%B8%82,https://tabelog.com/rstLst/?sw=%E5%85%AB%E6%88%B6%E5%89%8D%E6%B2%96%E9%AF%96%E9%AD%9A%20%E5%B0%88%E9%96%80%E5%BA%97%20%E9%AF%96%E3%81%AE%E9%A7%85
炭火燒肉 弁慶 (Benkei 八戶店),炭火燒肉 弁慶 八戸市,正餐名物,八戶,Day 4,嚴選岩手/青森黑毛和豚厚切豚舌與豚五花，炭火燒肉香氣撲鼻,★★★★☆,八戶站東口步行 4 分,https://www.google.com/maps/search/?api=1&query=%E7%82%AD%E7%81%AB%E7%87%92%E8%82%89%20%E5%BC%81%E6%85%B6%20%E5%85%AB%E6%88%B8%E5%B8%82,https://tabelog.com/rstLst/?sw=%E7%82%AD%E7%81%AB%E7%87%92%E8%82%89%20%E5%BC%81%E6%85%B6
鮨割烹 雙葉 (Futaba),鮨割烹 雙葉 八戸市,正餐名物,八戶,Day 4,八戶老牌壽司割烹，三陸產天然海膽與牡丹蝦握壽司絕品,★★★★☆,鷹匠小路步行 15 分,https://www.google.com/maps/search/?api=1&query=%E9%AE%A8%E5%89%B2%E7%83%B9%20%E9%9B%99%E8%91%89%20%E5%85%AB%E6%88%B8%E5%B8%82,https://tabelog.com/rstLst/?sw=%E9%AE%A8%E5%89%B2%E7%83%B9%20%E9%9B%99%E8%91%89
八戶拉麵 熊さん (Kumasan 八食店),八戶 熊さん 八戸市,正餐名物,八戶,Day 4,傳統八戶醬油拉麵！小魚乾與土雞熬煮清甜湯底，細捲麵爽口滑順,★★★★☆,八食中心味橫丁,https://www.google.com/maps/search/?api=1&query=%E5%85%AB%E6%88%B6%20%E7%86%8A%E3%81%95%E3%82%93%20%E5%85%AB%E6%88%B8%E5%B8%82,https://tabelog.com/rstLst/?sw=%E5%85%AB%E6%88%B6%20%E7%86%8A%E3%81%95%E3%82%93
居酒屋 浜小屋 (Hamagoya),浜小屋 八食センター 八戸市,正餐名物,八戶,Day 4,出站即達！烤陸奧灣活干貝、烏賊生魚片與八戶仙貝湯定食,★★★★☆,八戶站前步行 3 分,https://www.google.com/maps/search/?api=1&query=%E6%B5%9C%E5%B0%8F%E5%B1%8B%20%E5%85%AB%E9%A3%9F%E3%82%BB%E3%83%B3%E3%82%BF%E3%83%BC%20%E5%85%AB%E6%88%B8%E5%B8%82,https://tabelog.com/rstLst/?sw=%E6%B5%9C%E5%B0%8F%E5%B1%8B%20%E5%85%AB%E9%A3%9F%E3%82%BB%E3%83%B3%E3%82%BF%E3%83%BC
Hotel Towadaso 旬彩會席 (晚餐),Hotel Towadaso 旬彩會席 青森県十和田市,正餐名物,十和田湖・奧入瀨,Day 5,飯店招牌會席！十和田湖名物姬鱒魚姿燒、十和田豚陶板燒與青森山菜小鍋,★★★★★,飯店內餐廳,https://www.google.com/maps/search/?api=1&query=Hotel%20Towadaso%20%E6%97%AC%E5%BD%A9%E6%9C%83%E5%B8%AD%20%E9%9D%92%E6%A3%AE%E7%9C%8C%E5%8D%81%E5%92%8C%E7%94%B0%E5%B8%82,https://tabelog.com/rstLst/?sw=Hotel%20Towadaso%20%E6%97%AC%E5%BD%A9%E6%9C%83%E5%B8%AD
十和田食堂 (Towada Shokudo 休屋),十和田食堂 十和田市,正餐名物,十和田湖・奧入瀨,Day 5,湖畔代表性食堂！現炸十和田湖產西太公魚天婦羅 (ワカサギ) 與十和田十割蕎麥,★★★★☆,湖畔休屋步行 4 分,https://www.google.com/maps/search/?api=1&query=%E5%8D%81%E5%92%8C%E7%94%B0%E9%A3%9F%E5%A0%82%20%E5%8D%81%E5%92%8C%E7%94%B0%E5%B8%82,https://tabelog.com/rstLst/?sw=%E5%8D%81%E5%92%8C%E7%94%B0%E9%A3%9F%E5%A0%82
十和田湖冬物語 雪洞拉麵屋台,十和田湖冬物語 雪洞屋台 十和田市,正餐名物,十和田湖・奧入瀨,Day 5,在巨型雪洞 (Kamakura) 內品嚐熱騰騰十和田烤豚肉拉麵與青森大蔥豚汁熱湯,★★★★☆,冬物語慶典會場內,https://www.google.com/maps/search/?api=1&query=%E5%8D%81%E5%92%8C%E7%94%B0%E6%B9%96%E5%86%AC%E7%89%A9%E8%AA%9E%20%E9%9B%AA%E6%B4%9E%E5%B1%8B%E5%8F%B0%20%E5%8D%81%E5%92%8C%E7%94%B0%E5%B8%82,https://tabelog.com/rstLst/?sw=%E5%8D%81%E5%92%8C%E7%94%B0%E6%B9%96%E5%86%AC%E7%89%A9%E8%AA%9E%20%E9%9B%AA%E6%B4%9E%E5%B1%8B%E5%8F%B0
湖畔茶屋 御前之濱,湖畔茶屋 御前之濱 青森県十和田市,正餐名物,十和田湖・奧入瀨,Day 5,炭烤鹽味野生姬鱒魚串與在地鄉土烤飯糰 (味噌烤米棒),★★★★☆,休屋御前之濱步行 6 分,https://www.google.com/maps/search/?api=1&query=%E6%B9%96%E7%95%94%E8%8C%B6%E5%B1%8B%20%E5%BE%A1%E5%89%8D%E4%B9%8B%E6%BF%B1%20%E9%9D%92%E6%A3%AE%E7%9C%8C%E5%8D%81%E5%92%8C%E7%94%B0%E5%B8%82,https://tabelog.com/rstLst/?sw=%E6%B9%96%E7%95%94%E8%8C%B6%E5%B1%8B%20%E5%BE%A1%E5%89%8D%E4%B9%8B%E6%BF%B1
奧入瀨溪流 燒山木屋餐廳,奧入瀨溪流 燒山木屋餐廳 十和田市,正餐名物,十和田湖・奧入瀨,Day 5,冬奧入瀨號中途停靠站，熱騰騰的十和田名物烤豚五花鐵板定食 (豚バラ焼き),★★★★☆,燒山巴士站旁,https://www.google.com/maps/search/?api=1&query=%E5%A5%A7%E5%85%A5%E7%80%A8%E6%BA%AA%E6%B5%81%20%E7%87%92%E5%B1%B1%E6%9C%A8%E5%B1%8B%E9%A4%90%E5%BB%B3%20%E5%8D%81%E5%92%8C%E7%94%B0%E5%B8%82,https://tabelog.com/rstLst/?sw=%E5%A5%A7%E5%85%A5%E7%80%A8%E6%BA%AA%E6%B5%81%20%E7%87%92%E5%B1%B1%E6%9C%A8%E5%B1%8B%E9%A4%90%E5%BB%B3
湖波 (Konami 湖畔鄉土料理),湖波 青森県十和田市,正餐名物,十和田湖・奧入瀨,Day 5,姬鱒生魚片定食與十和田豚陶板燒，窗外即是結冰湖岸絕景,★★★★☆,休屋步行 5 分,https://www.google.com/maps/search/?api=1&query=%E6%B9%96%E6%B3%A2%20%E9%9D%92%E6%A3%AE%E7%9C%8C%E5%8D%81%E5%92%8C%E7%94%B0%E5%B8%82,https://tabelog.com/rstLst/?sw=%E6%B9%96%E6%B3%A2
森之精靈 (Morino Yosei 咖啡輕食),森之精靈 青森県十和田市,正餐名物,十和田湖・奧入瀨,Day 5,森林木屋現煮菌菇熱湯、熱烤法式火腿起司吐司與手沖熱咖啡,★★★★☆,奧入瀨溪流步道旁,https://www.google.com/maps/search/?api=1&query=%E6%A3%AE%E4%B9%8B%E7%B2%BE%E9%9D%88%20%E9%9D%92%E6%A3%AE%E7%9C%8C%E5%8D%81%E5%92%8C%E7%94%B0%E5%B8%82,https://tabelog.com/rstLst/?sw=%E6%A3%AE%E4%B9%8B%E7%B2%BE%E9%9D%88
信濃屋 食堂部 (Shinanoya),信濃屋 食堂部 青森県十和田市,正餐名物,十和田湖・奧入瀨,Day 5,大碗公熱騰騰山菜鍋燒烏龍與現炸河蝦天婦羅,★★★★☆,休屋商店街,https://www.google.com/maps/search/?api=1&query=%E4%BF%A1%E6%BF%83%E5%B1%8B%20%E9%A3%9F%E5%A0%82%E9%83%A8%20%E9%9D%92%E6%A3%AE%E7%9C%8C%E5%8D%81%E5%92%8C%E7%94%B0%E5%B8%82,https://tabelog.com/rstLst/?sw=%E4%BF%A1%E6%BF%83%E5%B1%8B%20%E9%A3%9F%E5%A0%82%E9%83%A8
十和田湖 弁慶 食堂,十和田湖 弁慶 食堂 十和田市,正餐名物,十和田湖・奧入瀨,Day 5,現烤岩魚鹽燒、十和田產馬肉刺身與熱甘酒,★★★★☆,碼頭前步行 3 分,https://www.google.com/maps/search/?api=1&query=%E5%8D%81%E5%92%8C%E7%94%B0%E6%B9%96%20%E5%BC%81%E6%85%B6%20%E9%A3%9F%E5%A0%82%20%E5%8D%81%E5%92%8C%E7%94%B0%E5%B8%82,https://tabelog.com/rstLst/?sw=%E5%8D%81%E5%92%8C%E7%94%B0%E6%B9%96%20%E5%BC%81%E6%85%B6%20%E9%A3%9F%E5%A0%82
奧入瀨溪流館 森林洋食廳,奧入瀨溪流館 森林洋食廳 十和田市,正餐名物,十和田湖・奧入瀨,Day 5,青森黑毛和豚紅酒燉豚肉蛋包飯佐新鮮蘋果沙拉,★★★★☆,杤久保車程 15 分,https://www.google.com/maps/search/?api=1&query=%E5%A5%A7%E5%85%A5%E7%80%A8%E6%BA%AA%E6%B5%81%E9%A4%A8%20%E6%A3%AE%E6%9E%97%E6%B4%8B%E9%A3%9F%E5%BB%B3%20%E5%8D%81%E5%92%8C%E7%94%B0%E5%B8%82,https://tabelog.com/rstLst/?sw=%E5%A5%A7%E5%85%A5%E7%80%A8%E6%BA%AA%E6%B5%81%E9%A4%A8%20%E6%A3%AE%E6%9E%97%E6%B4%8B%E9%A3%9F%E5%BB%B3
休暇村岩手網張温泉 雫石鄉土會席 (晚餐),休暇村岩手網張温泉 雫石鄉土會席 岩手県雫石町,正餐名物,雫石・盛岡,Day 6,網張名物！前澤豚/岩手豚陶板燒、白濁溫泉蒸時蔬、雫石芥菜炊飯與南部手打蕎麥,★★★★★,飯店內餐廳,https://www.google.com/maps/search/?api=1&query=%E4%BC%91%E6%9A%87%E6%9D%91%E5%B2%A9%E6%89%8B%E7%B6%B2%E5%BC%B5%E6%B8%A9%E6%B3%89%20%E9%9B%AB%E7%9F%B3%E9%84%89%E5%9C%9F%E6%9C%83%E5%B8%AD%20%E5%B2%A9%E6%89%8B%E7%9C%8C%E9%9B%AB%E7%9F%B3%E7%94%BA,https://tabelog.com/rstLst/?sw=%E4%BC%91%E6%9A%87%E6%9D%91%E5%B2%A9%E6%89%8B%E7%B6%B2%E5%BC%B5%E6%B8%A9%E6%B3%89%20%E9%9B%AB%E7%9F%B3%E9%84%89%E5%9C%9F%E6%9C%83%E5%B8%AD
盛岡冷麵 ぴょんぴょん舎 盛岡站前店,ぴょんぴょん舎 盛岡駅前店 盛岡市,正餐名物,雫石・盛岡,Day 6,盛岡三大麵之首！馬鈴薯澱粉揉製超彈牙麵條、大骨熬煮清澈冰爽湯底、自選辣度泡菜與豚骨厚叉燒,★★★★★,盛岡站前步行 2 分,https://www.google.com/maps/search/?api=1&query=%E3%81%B4%E3%82%87%E3%82%93%E3%81%B4%E3%82%87%E3%82%93%E8%88%8E%20%E7%9B%9B%E5%B2%A1%E9%A7%85%E5%89%8D%E5%BA%97%20%E7%9B%9B%E5%B2%A1%E5%B8%82,https://tabelog.com/rstLst/?sw=%E3%81%B4%E3%82%87%E3%82%93%E3%81%B4%E3%82%87%E3%82%93%E8%88%8E%20%E7%9B%9B%E5%B2%A1%E9%A7%85%E5%89%8D%E5%BA%97
盛岡炸醬麵 白龍 (Pai-ryu FESAN店),白龍 本店 盛岡 盛岡市,正餐名物,雫石・盛岡,Day 6,盛岡炸醬麵創始發祥名店！特調黑肉醬拌入扁烏龍麵，完食前打入雞蛋加入滾燙煮麵水做成「雞蛋湯 (Chiitantan)」,★★★★★,盛岡站地下街 FESAN 內,https://www.google.com/maps/search/?api=1&query=%E7%99%BD%E9%BE%8D%20%E6%9C%AC%E5%BA%97%20%E7%9B%9B%E5%B2%A1%20%E7%9B%9B%E5%B2%A1%E5%B8%82,https://tabelog.com/rstLst/?sw=%E7%99%BD%E9%BE%8D%20%E6%9C%AC%E5%BA%97%20%E7%9B%9B%E5%B2%A1
東家 (Azumaya 盛岡站前店 碗子蕎麥),東家 盛岡市,正餐名物,雫石・盛岡,Day 6,名聞全日本的「一口碗子蕎麥麵 (Wanko Soba)」挑戰！服務員一邊喊著節奏一邊倒麵，體驗滿滿岩手熱情,★★★★☆,盛岡站前步行 2 分,https://www.google.com/maps/search/?api=1&query=%E6%9D%B1%E5%AE%B6%20%E7%9B%9B%E5%B2%A1%E5%B8%82,https://tabelog.com/rstLst/?sw=%E6%9D%B1%E5%AE%B6
南部藩長屋酒場 (盛岡站前店),南部藩長屋酒場 盛岡市,正餐名物,雫石・盛岡,Day 6,古民家風格居酒屋，現烤三陸牡蠣、岩手短角豚炭烤與地酒品嚐,★★★★☆,盛岡站東口步行 3 分,https://www.google.com/maps/search/?api=1&query=%E5%8D%97%E9%83%A8%E8%97%A9%E9%95%B7%E5%B1%8B%E9%85%92%E5%A0%B4%20%E7%9B%9B%E5%B2%A1%E5%B8%82,https://tabelog.com/rstLst/?sw=%E5%8D%97%E9%83%A8%E8%97%A9%E9%95%B7%E5%B1%8B%E9%85%92%E5%A0%B4
盛岡冷麵 盛樓閣 (Seiroukaku),盛楼閣 盛岡駅前 盛岡市,正餐名物,雫石・盛岡,Day 6,在地人最推冷麵燒肉！頂級黑毛和豚燒肉搭配高湯濃郁辛香爽口的招牌盛樓閣冷麵,★★★★★,盛岡站前 Gen Plaza 2F,https://www.google.com/maps/search/?api=1&query=%E7%9B%9B%E6%A5%BC%E9%96%A3%20%E7%9B%9B%E5%B2%A1%E9%A7%85%E5%89%8D%20%E7%9B%9B%E5%B2%A1%E5%B8%82,https://tabelog.com/rstLst/?sw=%E7%9B%9B%E6%A5%BC%E9%96%A3%20%E7%9B%9B%E5%B2%A1%E9%A7%85%E5%89%8D
直利庵 (Chokurian 百年手打蕎麥),直利庵 盛岡 盛岡市,正餐名物,雫石・盛岡,Day 6,明治十七年創業蕎麥老舖，以蜆貝高湯手工蕎麥麵與特盛天婦羅聞名,★★★★☆,中之橋通車程 8 分,https://www.google.com/maps/search/?api=1&query=%E7%9B%B4%E5%88%A9%E5%BA%B5%20%E7%9B%9B%E5%B2%A1%20%E7%9B%9B%E5%B2%A1%E5%B8%82,https://tabelog.com/rstLst/?sw=%E7%9B%B4%E5%88%A9%E5%BA%B5%20%E7%9B%9B%E5%B2%A1
白乾兒 (Pakar 盛岡老牌中華),白乾兒 盛岡市,正餐名物,雫石・盛岡,Day 6,現煎薄皮大餃子、清燉豚筋與酸辣湯麵，在地排隊平價美味,★★★★☆,盛岡站前步行 4 分,https://www.google.com/maps/search/?api=1&query=%E7%99%BD%E4%B9%BE%E5%85%92%20%E7%9B%9B%E5%B2%A1%E5%B8%82,https://tabelog.com/rstLst/?sw=%E7%99%BD%E4%B9%BE%E5%85%92
三陸直送 海鮮居酒屋 魚河岸,三陸直送 海鮮居酒屋 魚河岸 盛岡市,正餐名物,雫石・盛岡,Day 6,宮古港直送三陸扇貝、生海膽、真鱈白子天婦羅配地酒,★★★★☆,大通步行 10 分,https://www.google.com/maps/search/?api=1&query=%E4%B8%89%E9%99%B8%E7%9B%B4%E9%80%81%20%E6%B5%B7%E9%AE%AE%E5%B1%85%E9%85%92%E5%B1%8B%20%E9%AD%9A%E6%B2%B3%E5%B2%B8%20%E7%9B%9B%E5%B2%A1%E5%B8%82,https://tabelog.com/rstLst/?sw=%E4%B8%89%E9%99%B8%E7%9B%B4%E9%80%81%20%E6%B5%B7%E9%AE%AE%E5%B1%85%E9%85%92%E5%B1%8B%20%E9%AD%9A%E6%B2%B3%E5%B2%B8
とんかつ むら八 本店 (白金豚炸豬排),とんかつ むら八 本店 盛岡 盛岡市,正餐名物,雫石・盛岡,Day 6,【盛岡炸豬排老舖名門】嚴選岩手產白金豚（Platinum Pork），肉質粉嫩細緻、油脂甘美，低溫慢炸麵衣金黃酥脆,★★★★★,紺屋町車程 8 分,https://www.google.com/maps/search/?api=1&query=%E3%81%A8%E3%82%93%E3%81%8B%E3%81%A4%20%E3%82%80%E3%82%89%E5%85%AB%20%E6%9C%AC%E5%BA%97%20%E7%9B%9B%E5%B2%A1%20%E7%9B%9B%E5%B2%A1%E5%B8%82,https://tabelog.com/rstLst/?sw=%E3%81%A8%E3%82%93%E3%81%8B%E3%81%A4%20%E3%82%80%E3%82%89%E5%85%AB%20%E6%9C%AC%E5%BA%97%20%E7%9B%9B%E5%B2%A1
網張溫泉 滑雪木屋 (Center House),網張溫泉 滑雪木屋 岩手県雫石町,正餐名物,雫石・盛岡,Day 7,滑雪中繼熱食！熱騰騰雫石豬排拉麵、特濃咖哩飯與香脆日式唐揚炸雞,★★★★☆,第 1 纜車站旁,https://www.google.com/maps/search/?api=1&query=%E7%B6%B2%E5%BC%B5%E6%BA%AB%E6%B3%89%20%E6%BB%91%E9%9B%AA%E6%9C%A8%E5%B1%8B%20%E5%B2%A9%E6%89%8B%E7%9C%8C%E9%9B%AB%E7%9F%B3%E7%94%BA,https://tabelog.com/rstLst/?sw=%E7%B6%B2%E5%BC%B5%E6%BA%AB%E6%B3%89%20%E6%BB%91%E9%9B%AA%E6%9C%A8%E5%B1%8B
休暇村岩手網張温泉 溫泉御膳,休暇村岩手網張温泉 溫泉御膳 岩手県雫石町,正餐名物,雫石・盛岡,Day 7,新鮮岩手短角豚壽喜燒、南部小麥麵疙瘩湯 (Hittsumi) 與三陸鮭魚卵炊飯,★★★★★,飯店 1F 餐廳,https://www.google.com/maps/search/?api=1&query=%E4%BC%91%E6%9A%87%E6%9D%91%E5%B2%A9%E6%89%8B%E7%B6%B2%E5%BC%B5%E6%B8%A9%E6%B3%89%20%E6%BA%AB%E6%B3%89%E5%BE%A1%E8%86%B3%20%E5%B2%A9%E6%89%8B%E7%9C%8C%E9%9B%AB%E7%9F%B3%E7%94%BA,https://tabelog.com/rstLst/?sw=%E4%BC%91%E6%9A%87%E6%9D%91%E5%B2%A9%E6%89%8B%E7%B6%B2%E5%BC%B5%E6%B8%A9%E6%B3%89%20%E6%BA%AB%E6%B3%89%E5%BE%A1%E8%86%B3
玄武洞 茶屋 (雫石鄉土料理),玄武洞 茶屋 岩手県雫石町,正餐名物,雫石・盛岡,Day 7,名勝玄武洞旁古樸茶屋，手打蕎麥麵與現烤味噌烤飯糰,★★★★☆,車程 8 分,https://www.google.com/maps/search/?api=1&query=%E7%8E%84%E6%AD%A6%E6%B4%9E%20%E8%8C%B6%E5%B1%8B%20%E5%B2%A9%E6%89%8B%E7%9C%8C%E9%9B%AB%E7%9F%B3%E7%94%BA,https://tabelog.com/rstLst/?sw=%E7%8E%84%E6%AD%A6%E6%B4%9E%20%E8%8C%B6%E5%B1%8B
小岩井農場 山之木屋燒烤,小岩井農場 山之木屋燒烤 岩手県雫石町,正餐名物,雫石・盛岡,Day 7,小岩井自家產羊肉鐵板燒 (成吉思汗烤肉) 與新鮮烤鮮蔬,★★★★☆,車程 15 分,https://www.google.com/maps/search/?api=1&query=%E5%B0%8F%E5%B2%A9%E4%BA%95%E8%BE%B2%E5%A0%B4%20%E5%B1%B1%E4%B9%8B%E6%9C%A8%E5%B1%8B%E7%87%92%E7%83%A4%20%E5%B2%A9%E6%89%8B%E7%9C%8C%E9%9B%AB%E7%9F%B3%E7%94%BA,https://tabelog.com/rstLst/?sw=%E5%B0%8F%E5%B2%A9%E4%BA%95%E8%BE%B2%E5%A0%B4%20%E5%B1%B1%E4%B9%8B%E6%9C%A8%E5%B1%8B%E7%87%92%E7%83%A4
雫石 麵房 松良 (Matsura),雫石 麵房 松良 岩手県雫石町,正餐名物,雫石・盛岡,Day 7,在地手打粗蕎麥麵名店，天婦羅包含整條新鮮炸穴子魚與舞茸,★★★★☆,雫石町內車程 15 分,https://www.google.com/maps/search/?api=1&query=%E9%9B%AB%E7%9F%B3%20%E9%BA%B5%E6%88%BF%20%E6%9D%BE%E8%89%AF%20%E5%B2%A9%E6%89%8B%E7%9C%8C%E9%9B%AB%E7%9F%B3%E7%94%BA,https://tabelog.com/rstLst/?sw=%E9%9B%AB%E7%9F%B3%20%E9%BA%B5%E6%88%BF%20%E6%9D%BE%E8%89%AF
高原手打拉麵 熊五郎,高原手打 熊五郎 盛岡市,正餐名物,雫石・盛岡,Day 7,濃厚味噌湯頭搭配炒大蔥與叉燒，滑雪後暖身必備,★★★★☆,雫石長山車程 8 分,https://www.google.com/maps/search/?api=1&query=%E9%AB%98%E5%8E%9F%E6%89%8B%E6%89%93%20%E7%86%8A%E4%BA%94%E9%83%8E%20%E7%9B%9B%E5%B2%A1%E5%B8%82,https://tabelog.com/rstLst/?sw=%E9%AB%98%E5%8E%9F%E6%89%8B%E6%89%93%20%E7%86%8A%E4%BA%94%E9%83%8E
燒肉 冷麵 髭 (Hige 雫石本店),燒肉 冷麵 髭 岩手県雫石町,正餐名物,雫石・盛岡,Day 7,雫石公路旁名店！豚骨濃醇冷麵與厚切短角豚豚五花燒肉,★★★★★,車程 16 分,https://www.google.com/maps/search/?api=1&query=%E7%87%92%E8%82%89%20%E5%86%B7%E9%BA%B5%20%E9%AB%AD%20%E5%B2%A9%E6%89%8B%E7%9C%8C%E9%9B%AB%E7%9F%B3%E7%94%BA,https://tabelog.com/rstLst/?sw=%E7%87%92%E8%82%89%20%E5%86%B7%E9%BA%B5%20%E9%AB%AD
網張溫泉 森林木屋熱烏龍,網張溫泉 森林木屋熱烏龍 岩手県雫石町,正餐名物,雫石・盛岡,Day 7,熱騰騰炸蝦野菜鍋燒烏龍與關東煮拼盤,★★★★☆,雪道中繼站,https://www.google.com/maps/search/?api=1&query=%E7%B6%B2%E5%BC%B5%E6%BA%AB%E6%B3%89%20%E6%A3%AE%E6%9E%97%E6%9C%A8%E5%B1%8B%E7%86%B1%E7%83%8F%E9%BE%8D%20%E5%B2%A9%E6%89%8B%E7%9C%8C%E9%9B%AB%E7%9F%B3%E7%94%BA,https://tabelog.com/rstLst/?sw=%E7%B6%B2%E5%BC%B5%E6%BA%AB%E6%B3%89%20%E6%A3%AE%E6%9E%97%E6%9C%A8%E5%B1%8B%E7%86%B1%E7%83%8F%E9%BE%8D
雫石 道之驛 Anekko 食堂,雫石 道之驛 Anekko 食堂 岩手県雫石町,正餐名物,雫石・盛岡,Day 7,雫石產黑豚生薑燒定食與新鮮芥菜炊飯,★★★★☆,車程 18 分,https://www.google.com/maps/search/?api=1&query=%E9%9B%AB%E7%9F%B3%20%E9%81%93%E4%B9%8B%E9%A9%9B%20Anekko%20%E9%A3%9F%E5%A0%82%20%E5%B2%A9%E6%89%8B%E7%9C%8C%E9%9B%AB%E7%9F%B3%E7%94%BA,https://tabelog.com/rstLst/?sw=%E9%9B%AB%E7%9F%B3%20%E9%81%93%E4%B9%8B%E9%A9%9B%20Anekko%20%E9%A3%9F%E5%A0%82
鶯宿溫泉 川長 炭火料理,鶯宿溫泉 川長 炭火料理 盛岡市,正餐名物,雫石・盛岡,Day 7,川魚炭火鹽烤、岩手產野山菜小火鍋與甘酒,★★★★☆,車程 20 分,https://www.google.com/maps/search/?api=1&query=%E9%B6%AF%E5%AE%BF%E6%BA%AB%E6%B3%89%20%E5%B7%9D%E9%95%B7%20%E7%82%AD%E7%81%AB%E6%96%99%E7%90%86%20%E7%9B%9B%E5%B2%A1%E5%B8%82,https://tabelog.com/rstLst/?sw=%E9%B6%AF%E5%AE%BF%E6%BA%AB%E6%B3%89%20%E5%B7%9D%E9%95%B7%20%E7%82%AD%E7%81%AB%E6%96%99%E7%90%86
岩手高原 Gondola 山頂咖啡屋,岩手高原 Gondola 山頂咖啡屋 盛岡市,正餐名物,雫石・盛岡,Day 8,"標高 1,213m 眺望景觀！現烤熱壓火腿起司三明治、熱拿鐵與信州蘋果派",★★★★☆,Gondola 山頂站 2F,https://www.google.com/maps/search/?api=1&query=%E5%B2%A9%E6%89%8B%E9%AB%98%E5%8E%9F%20Gondola%20%E5%B1%B1%E9%A0%82%E5%92%96%E5%95%A1%E5%B1%8B%20%E7%9B%9B%E5%B2%A1%E5%B8%82,https://tabelog.com/rstLst/?sw=%E5%B2%A9%E6%89%8B%E9%AB%98%E5%8E%9F%20Gondola%20%E5%B1%B1%E9%A0%82%E5%92%96%E5%95%A1%E5%B1%8B
岩手高原 Center House 大食堂,岩手高原 Center House 大食堂 盛岡市,正餐名物,雫石・盛岡,Day 8,滑雪大盛料理！厚切岩手三元豚炸豬排咖哩飯、辣味噌拉麵定食,★★★★☆,雪場山麓 Center House 1F,https://www.google.com/maps/search/?api=1&query=%E5%B2%A9%E6%89%8B%E9%AB%98%E5%8E%9F%20Center%20House%20%E5%A4%A7%E9%A3%9F%E5%A0%82%20%E7%9B%9B%E5%B2%A1%E5%B8%82,https://tabelog.com/rstLst/?sw=%E5%B2%A9%E6%89%8B%E9%AB%98%E5%8E%9F%20Center%20House%20%E5%A4%A7%E9%A3%9F%E5%A0%82
休暇村岩手網張温泉 自助晚宴,休暇村岩手網張温泉 自助晚宴 岩手県雫石町,正餐名物,雫石・盛岡,Day 8,多達 40 道盛岡與雫石特色料理：現煎前澤豚豚排、三陸生干貝與南部雜煮,★★★★★,飯店 1F,https://www.google.com/maps/search/?api=1&query=%E4%BC%91%E6%9A%87%E6%9D%91%E5%B2%A9%E6%89%8B%E7%B6%B2%E5%BC%B5%E6%B8%A9%E6%B3%89%20%E8%87%AA%E5%8A%A9%E6%99%9A%E5%AE%B4%20%E5%B2%A9%E6%89%8B%E7%9C%8C%E9%9B%AB%E7%9F%B3%E7%94%BA,https://tabelog.com/rstLst/?sw=%E4%BC%91%E6%9A%87%E6%9D%91%E5%B2%A9%E6%89%8B%E7%B6%B2%E5%BC%B5%E6%B8%A9%E6%B3%89%20%E8%87%AA%E5%8A%A9%E6%99%9A%E5%AE%B4
雫石 山葡萄亭 (Yamabudo-tei),雫石 山葡萄亭 岩手県雫石町,正餐名物,雫石・盛岡,Day 8,山產名店！炭火燒烤岩手產野豬肉鍋、天然蜂蛹飯與烤山女魚,★★★★☆,雫石町車程 10 分,https://www.google.com/maps/search/?api=1&query=%E9%9B%AB%E7%9F%B3%20%E5%B1%B1%E8%91%A1%E8%90%84%E4%BA%AD%20%E5%B2%A9%E6%89%8B%E7%9C%8C%E9%9B%AB%E7%9F%B3%E7%94%BA,https://tabelog.com/rstLst/?sw=%E9%9B%AB%E7%9F%B3%20%E5%B1%B1%E8%91%A1%E8%90%84%E4%BA%AD
味工房 雫石 (道の駅 あねっこ),味工房 雫石 岩手県雫石町,正餐名物,雫石・盛岡,Day 8,雫石豚漢堡排套餐與香濃雫石黑醋栗烏龍冷麵,★★★★☆,車程 18 分,https://www.google.com/maps/search/?api=1&query=%E5%91%B3%E5%B7%A5%E6%88%BF%20%E9%9B%AB%E7%9F%B3%20%E5%B2%A9%E6%89%8B%E7%9C%8C%E9%9B%AB%E7%9F%B3%E7%94%BA,https://tabelog.com/rstLst/?sw=%E5%91%B3%E5%B7%A5%E6%88%BF%20%E9%9B%AB%E7%9F%B3
鶯宿溫泉 居酒屋 赤提燈,鶯宿溫泉 居酒屋 赤提燈 盛岡市,正餐名物,雫石・盛岡,Day 8,在地炭火地雞串燒、暖胃豚筋味噌燉煮與地酒,★★★★☆,車程 20 分,https://www.google.com/maps/search/?api=1&query=%E9%B6%AF%E5%AE%BF%E6%BA%AB%E6%B3%89%20%E5%B1%85%E9%85%92%E5%B1%8B%20%E8%B5%A4%E6%8F%90%E7%87%88%20%E7%9B%9B%E5%B2%A1%E5%B8%82,https://tabelog.com/rstLst/?sw=%E9%B6%AF%E5%AE%BF%E6%BA%AB%E6%B3%89%20%E5%B1%85%E9%85%92%E5%B1%8B%20%E8%B5%A4%E6%8F%90%E7%87%88
手打蕎麥 桂 (Katsura),手打蕎麥 桂 盛岡市,正餐名物,雫石・盛岡,Day 8,純玄蕎麥十割手工麵，搭配現炸舞茸天婦羅,★★★★☆,雫石車程 12 分,https://www.google.com/maps/search/?api=1&query=%E6%89%8B%E6%89%93%E8%95%8E%E9%BA%A5%20%E6%A1%82%20%E7%9B%9B%E5%B2%A1%E5%B8%82,https://tabelog.com/rstLst/?sw=%E6%89%8B%E6%89%93%E8%95%8E%E9%BA%A5%20%E6%A1%82
小岩井農場 炭火燒肉館,小岩井農場 炭火燒肉館 岩手県雫石町,正餐名物,雫石・盛岡,Day 8,自產豚肉與羊肉鐵板燒烤，香氣撲鼻,★★★★☆,小岩井車程 15 分,https://www.google.com/maps/search/?api=1&query=%E5%B0%8F%E5%B2%A9%E4%BA%95%E8%BE%B2%E5%A0%B4%20%E7%82%AD%E7%81%AB%E7%87%92%E8%82%89%E9%A4%A8%20%E5%B2%A9%E6%89%8B%E7%9C%8C%E9%9B%AB%E7%9F%B3%E7%94%BA,https://tabelog.com/rstLst/?sw=%E5%B0%8F%E5%B2%A9%E4%BA%95%E8%BE%B2%E5%A0%B4%20%E7%82%AD%E7%81%AB%E7%87%92%E8%82%89%E9%A4%A8
雫石拉麵 萬福 (Manpuku),雫石 萬福 岩手県雫石町,正餐名物,雫石・盛岡,Day 8,老司機最愛！重口味大蒜豚骨拉麵與特製煎餃,★★★★☆,雫石站前,https://www.google.com/maps/search/?api=1&query=%E9%9B%AB%E7%9F%B3%20%E8%90%AC%E7%A6%8F%20%E5%B2%A9%E6%89%8B%E7%9C%8C%E9%9B%AB%E7%9F%B3%E7%94%BA,https://tabelog.com/rstLst/?sw=%E9%9B%AB%E7%9F%B3%20%E8%90%AC%E7%A6%8F
岩手高原 雪道披薩木屋,岩手高原 雪道披薩木屋 盛岡市,正餐名物,雫石・盛岡,Day 8,石窯柴燒薄脆披薩，鋪滿岩手生火腿與馬札瑞拉起司,★★★★☆,纜車中繼站,https://www.google.com/maps/search/?api=1&query=%E5%B2%A9%E6%89%8B%E9%AB%98%E5%8E%9F%20%E9%9B%AA%E9%81%93%E6%8A%AB%E8%96%A9%E6%9C%A8%E5%B1%8B%20%E7%9B%9B%E5%B2%A1%E5%B8%82,https://tabelog.com/rstLst/?sw=%E5%B2%A9%E6%89%8B%E9%AB%98%E5%8E%9F%20%E9%9B%AA%E9%81%93%E6%8A%AB%E8%96%A9%E6%9C%A8%E5%B1%8B
網張溫泉 森林木屋輕食,網張溫泉 森林木屋輕食 岩手県雫石町,正餐名物,雫石・盛岡,Day 9,滑雪小歇補給！現烤肉包、熱番茄蔬菜濃湯與熱紅豆年糕湯,★★★★☆,網張雪道中段,https://www.google.com/maps/search/?api=1&query=%E7%B6%B2%E5%BC%B5%E6%BA%AB%E6%B3%89%20%E6%A3%AE%E6%9E%97%E6%9C%A8%E5%B1%8B%E8%BC%95%E9%A3%9F%20%E5%B2%A9%E6%89%8B%E7%9C%8C%E9%9B%AB%E7%9F%B3%E7%94%BA,https://tabelog.com/rstLst/?sw=%E7%B6%B2%E5%BC%B5%E6%BA%AB%E6%B3%89%20%E6%A3%AE%E6%9E%97%E6%9C%A8%E5%B1%8B%E8%BC%95%E9%A3%9F
休暇村 雫石蕎麥宴 (午餐),休暇村 雫石蕎麥宴 岩手県雫石町,正餐名物,雫石・盛岡,Day 9,手打十割寒蕎麥佐香脆在地舞茸與天婦羅盛合,★★★★★,飯店 1F,https://www.google.com/maps/search/?api=1&query=%E4%BC%91%E6%9A%87%E6%9D%91%20%E9%9B%AB%E7%9F%B3%E8%95%8E%E9%BA%A5%E5%AE%B4%20%E5%B2%A9%E6%89%8B%E7%9C%8C%E9%9B%AB%E7%9F%B3%E7%94%BA,https://tabelog.com/rstLst/?sw=%E4%BC%91%E6%9A%87%E6%9D%91%20%E9%9B%AB%E7%9F%B3%E8%95%8E%E9%BA%A5%E5%AE%B4
岩手高原 烤起司漢堡,岩手高原 烤起司漢堡 盛岡市,正餐名物,雫石・盛岡,Day 9,厚切 100% 岩手豚漢堡排夾入融化高達起司與焦糖洋蔥,★★★★☆,岩手高原山麓,https://www.google.com/maps/search/?api=1&query=%E5%B2%A9%E6%89%8B%E9%AB%98%E5%8E%9F%20%E7%83%A4%E8%B5%B7%E5%8F%B8%E6%BC%A2%E5%A0%A1%20%E7%9B%9B%E5%B2%A1%E5%B8%82,https://tabelog.com/rstLst/?sw=%E5%B2%A9%E6%89%8B%E9%AB%98%E5%8E%9F%20%E7%83%A4%E8%B5%B7%E5%8F%B8%E6%BC%A2%E5%A0%A1
居酒屋 赤提燈 (鶯宿溫泉街),居酒屋 赤提燈 盛岡市,正餐名物,雫石・盛岡,Day 9,傳統日式居酒屋，現烤地雞串燒、清燉豚筋與岩手地酒,★★★★☆,車程 20 分,https://www.google.com/maps/search/?api=1&query=%E5%B1%85%E9%85%92%E5%B1%8B%20%E8%B5%A4%E6%8F%90%E7%87%88%20%E7%9B%9B%E5%B2%A1%E5%B8%82,https://tabelog.com/rstLst/?sw=%E5%B1%85%E9%85%92%E5%B1%8B%20%E8%B5%A4%E6%8F%90%E7%87%88
山之驛 雫石 特產食堂,山之驛 雫石 特產食堂 岩手県雫石町,正餐名物,雫石・盛岡,Day 9,雫石產黑豚生薑燒定食與熱呼呼南部小麥麵疙瘩汁,★★★★☆,車程 15 分,https://www.google.com/maps/search/?api=1&query=%E5%B1%B1%E4%B9%8B%E9%A9%9B%20%E9%9B%AB%E7%9F%B3%20%E7%89%B9%E7%94%A2%E9%A3%9F%E5%A0%82%20%E5%B2%A9%E6%89%8B%E7%9C%8C%E9%9B%AB%E7%9F%B3%E7%94%BA,https://tabelog.com/rstLst/?sw=%E5%B1%B1%E4%B9%8B%E9%A9%9B%20%E9%9B%AB%E7%9F%B3%20%E7%89%B9%E7%94%A2%E9%A3%9F%E5%A0%82
玄武溫泉 小料理 櫻花,玄武溫泉 小料理 櫻花 盛岡市,正餐名物,雫石・盛岡,Day 9,岩手產山菜小鍋、現炸胡麻豆腐與鹽烤山女魚,★★★★☆,車程 10 分,https://www.google.com/maps/search/?api=1&query=%E7%8E%84%E6%AD%A6%E6%BA%AB%E6%B3%89%20%E5%B0%8F%E6%96%99%E7%90%86%20%E6%AB%BB%E8%8A%B1%20%E7%9B%9B%E5%B2%A1%E5%B8%82,https://tabelog.com/rstLst/?sw=%E7%8E%84%E6%AD%A6%E6%BA%AB%E6%B3%89%20%E5%B0%8F%E6%96%99%E7%90%86%20%E6%AB%BB%E8%8A%B1
小岩井農場 牧場鐵板定食,小岩井農場 牧場鐵板定食 岩手県雫石町,正餐名物,雫石・盛岡,Day 9,鐵板現煎純血黑毛和豚豚排搭配自產烤時蔬,★★★★★,車程 15 分,https://www.google.com/maps/search/?api=1&query=%E5%B0%8F%E5%B2%A9%E4%BA%95%E8%BE%B2%E5%A0%B4%20%E7%89%A7%E5%A0%B4%E9%90%B5%E6%9D%BF%E5%AE%9A%E9%A3%9F%20%E5%B2%A9%E6%89%8B%E7%9C%8C%E9%9B%AB%E7%9F%B3%E7%94%BA,https://tabelog.com/rstLst/?sw=%E5%B0%8F%E5%B2%A9%E4%BA%95%E8%BE%B2%E5%A0%B4%20%E7%89%A7%E5%A0%B4%E9%90%B5%E6%9D%BF%E5%AE%9A%E9%A3%9F
鶯宿溫泉 長榮館 懷石小料理,鶯宿溫泉 長榮館 懷石小料理 盛岡市,正餐名物,雫石・盛岡,Day 9,雫石地雞鍋與自製刺身，道地傳統溫泉鄉料理,★★★★☆,車程 20 分,https://www.google.com/maps/search/?api=1&query=%E9%B6%AF%E5%AE%BF%E6%BA%AB%E6%B3%89%20%E9%95%B7%E6%A6%AE%E9%A4%A8%20%E6%87%B7%E7%9F%B3%E5%B0%8F%E6%96%99%E7%90%86%20%E7%9B%9B%E5%B2%A1%E5%B8%82,https://tabelog.com/rstLst/?sw=%E9%B6%AF%E5%AE%BF%E6%BA%AB%E6%B3%89%20%E9%95%B7%E6%A6%AE%E9%A4%A8%20%E6%87%B7%E7%9F%B3%E5%B0%8F%E6%96%99%E7%90%86
拉麵 三平 (Sanpei 雫石),三平 岩手県雫石町,正餐名物,雫石・盛岡,Day 9,昭和古風老麵店，香濃辣味噌拉麵加特量大蒜,★★★★☆,雫石站前,https://www.google.com/maps/search/?api=1&query=%E4%B8%89%E5%B9%B3%20%E5%B2%A9%E6%89%8B%E7%9C%8C%E9%9B%AB%E7%9F%B3%E7%94%BA,https://tabelog.com/rstLst/?sw=%E4%B8%89%E5%B9%B3
中華そば 弥太郎 (Yataro 拉麵),中華そば 弥太郎 盛岡 盛岡市,正餐名物,雫石・盛岡,Day 9,【食べログ ラーメン百名店！盛岡排隊第一拉麵】小魚乾與豚骨慢熬清澄琥珀高湯，厚切低溫豚叉燒肉嫩多汁（純豚肉地雞與海鮮高湯）,★★★★☆,國道旁車程 15 分,https://www.google.com/maps/search/?api=1&query=%E4%B8%AD%E8%8F%AF%E3%81%9D%E3%81%B0%20%E5%BC%A5%E5%A4%AA%E9%83%8E%20%E7%9B%9B%E5%B2%A1%20%E7%9B%9B%E5%B2%A1%E5%B8%82,https://tabelog.com/rstLst/?sw=%E4%B8%AD%E8%8F%AF%E3%81%9D%E3%81%B0%20%E5%BC%A5%E5%A4%AA%E9%83%8E%20%E7%9B%9B%E5%B2%A1
奧中山高原 餐廳 こもれび (Komorebi),奧中山高原 餐廳 こもれび 岩手県一戸町,正餐名物,奧中山高原・一戶,Day 10,奧中山高原產黑毛和豚陶板燒定食、高原新鮮蔬菜鍋與現炸豬排咖哩,★★★★☆,飯店朝陽館內,https://www.google.com/maps/search/?api=1&query=%E5%A5%A7%E4%B8%AD%E5%B1%B1%E9%AB%98%E5%8E%9F%20%E9%A4%90%E5%BB%B3%20%E3%81%93%E3%82%82%E3%82%8C%E3%81%B3%20%E5%B2%A9%E6%89%8B%E7%9C%8C%E4%B8%80%E6%88%B8%E7%94%BA,https://tabelog.com/rstLst/?sw=%E5%A5%A7%E4%B8%AD%E5%B1%B1%E9%AB%98%E5%8E%9F%20%E9%A4%90%E5%BB%B3%20%E3%81%93%E3%82%82%E3%82%8C%E3%81%B3
奧中山高原 雪あかり (雪道食堂),奧中山高原 雪あかり 岩手県一戸町,正餐名物,奧中山高原・一戶,Day 10,滑雪必吃！熱騰騰高原味噌拉麵、特大炸雞塊定食與溫暖熱湯,★★★★☆,第 1 纜車站旁,https://www.google.com/maps/search/?api=1&query=%E5%A5%A7%E4%B8%AD%E5%B1%B1%E9%AB%98%E5%8E%9F%20%E9%9B%AA%E3%81%82%E3%81%8B%E3%82%8A%20%E5%B2%A9%E6%89%8B%E7%9C%8C%E4%B8%80%E6%88%B8%E7%94%BA,https://tabelog.com/rstLst/?sw=%E5%A5%A7%E4%B8%AD%E5%B1%B1%E9%AB%98%E5%8E%9F%20%E9%9B%AA%E3%81%82%E3%81%8B%E3%82%8A
一戶町 手打蕎麥 雅 (Miyabi),一戶町 手打蕎麥 雅 岩手県一戸町,正餐名物,奧中山高原・一戶,Day 10,車站旁手打蕎麥小店，蕎麥香氣純正，搭配現炸野草天婦羅,★★★★☆,奧中山站前步行 3 分,https://www.google.com/maps/search/?api=1&query=%E4%B8%80%E6%88%B6%E7%94%BA%20%E6%89%8B%E6%89%93%E8%95%8E%E9%BA%A5%20%E9%9B%85%20%E5%B2%A9%E6%89%8B%E7%9C%8C%E4%B8%80%E6%88%B8%E7%94%BA,https://tabelog.com/rstLst/?sw=%E4%B8%80%E6%88%B6%E7%94%BA%20%E6%89%8B%E6%89%93%E8%95%8E%E9%BA%A5%20%E9%9B%85
奧中山高原 煌星之膳 (晚餐會席),奧中山高原 煌星之膳 岩手県一戸町,正餐名物,奧中山高原・一戶,Day 10,岩手北部鄉土料理宴席：二戶佐助豚涮涮鍋、八戶近海鮭魚卵與雜穀炊飯,★★★★★,飯店煌星館,https://www.google.com/maps/search/?api=1&query=%E5%A5%A7%E4%B8%AD%E5%B1%B1%E9%AB%98%E5%8E%9F%20%E7%85%8C%E6%98%9F%E4%B9%8B%E8%86%B3%20%E5%B2%A9%E6%89%8B%E7%9C%8C%E4%B8%80%E6%88%B8%E7%94%BA,https://tabelog.com/rstLst/?sw=%E5%A5%A7%E4%B8%AD%E5%B1%B1%E9%AB%98%E5%8E%9F%20%E7%85%8C%E6%98%9F%E4%B9%8B%E8%86%B3
一戶町 燒肉 南大門 (Nandaimon),一戶町 燒肉 南大門 岩手県一戸町,正餐名物,奧中山高原・一戶,Day 10,在地優質短角和豚燒肉，肉質鮮甜多汁，價格親民實惠,★★★★☆,一戶站前車程 15 分,https://www.google.com/maps/search/?api=1&query=%E4%B8%80%E6%88%B6%E7%94%BA%20%E7%87%92%E8%82%89%20%E5%8D%97%E5%A4%A7%E9%96%80%20%E5%B2%A9%E6%89%8B%E7%9C%8C%E4%B8%80%E6%88%B8%E7%94%BA,https://tabelog.com/rstLst/?sw=%E4%B8%80%E6%88%B6%E7%94%BA%20%E7%87%92%E8%82%89%20%E5%8D%97%E5%A4%A7%E9%96%80
三好食堂 (二戶名店),三好食堂 岩手県一戸町,正餐名物,奧中山高原・一戶,Day 10・12,二戶傳奇老牌食堂！以特大炸豬排丼與濃郁鍋燒烏龍聞名,★★★★☆,二戶市車程 20 分,https://www.google.com/maps/search/?api=1&query=%E4%B8%89%E5%A5%BD%E9%A3%9F%E5%A0%82%20%E5%B2%A9%E6%89%8B%E7%9C%8C%E4%B8%80%E6%88%B8%E7%94%BA,https://tabelog.com/rstLst/?sw=%E4%B8%89%E5%A5%BD%E9%A3%9F%E5%A0%82
手打拉麵 旭 (Asahi 奧中山店),手打 旭 岩手県一戸町,正餐名物,奧中山高原・一戶,Day 10,傳統手工醬油拉麵，湯清味厚手作麵條筋道,★★★★☆,車站前步行 4 分,https://www.google.com/maps/search/?api=1&query=%E6%89%8B%E6%89%93%20%E6%97%AD%20%E5%B2%A9%E6%89%8B%E7%9C%8C%E4%B8%80%E6%88%B8%E7%94%BA,https://tabelog.com/rstLst/?sw=%E6%89%8B%E6%89%93%20%E6%97%AD
高原食房 あじさい (Ajisai),高原食房 あじさい 岩手県一戸町,正餐名物,奧中山高原・一戶,Day 10,現炸佐助豬排咖哩定食與南部熱小麥麵疙瘩湯,★★★★☆,煌星館旁,https://www.google.com/maps/search/?api=1&query=%E9%AB%98%E5%8E%9F%E9%A3%9F%E6%88%BF%20%E3%81%82%E3%81%98%E3%81%95%E3%81%84%20%E5%B2%A9%E6%89%8B%E7%9C%8C%E4%B8%80%E6%88%B8%E7%94%BA,https://tabelog.com/rstLst/?sw=%E9%AB%98%E5%8E%9F%E9%A3%9F%E6%88%BF%20%E3%81%82%E3%81%98%E3%81%95%E3%81%84
一戶 手打烏龍 たか松,一戶 手打烏龍 たか松 岩手県一戸町,正餐名物,奧中山高原・一戶,Day 10,現點現煮鍋燒讚岐烏龍麵，搭配炸野菜餅天婦羅,★★★★☆,一戶町內,https://www.google.com/maps/search/?api=1&query=%E4%B8%80%E6%88%B6%20%E6%89%8B%E6%89%93%E7%83%8F%E9%BE%8D%20%E3%81%9F%E3%81%8B%E6%9D%BE%20%E5%B2%A9%E6%89%8B%E7%9C%8C%E4%B8%80%E6%88%B8%E7%94%BA,https://tabelog.com/rstLst/?sw=%E4%B8%80%E6%88%B6%20%E6%89%8B%E6%89%93%E7%83%8F%E9%BE%8D%20%E3%81%9F%E3%81%8B%E6%9D%BE
奧中山 鐵板香煎佐助豚排,奧中山 鐵板香煎佐助豚排 岩手県一戸町,正餐名物,奧中山高原・一戶,Day 10,厚切折爪岳名豚佐助豬肉，油花甘甜肉汁豐沛,★★★★☆,朝陽館餐廳,https://www.google.com/maps/search/?api=1&query=%E5%A5%A7%E4%B8%AD%E5%B1%B1%20%E9%90%B5%E6%9D%BF%E9%A6%99%E7%85%8E%E4%BD%90%E5%8A%A9%E8%B1%9A%E6%8E%92%20%E5%B2%A9%E6%89%8B%E7%9C%8C%E4%B8%80%E6%88%B8%E7%94%BA,https://tabelog.com/rstLst/?sw=%E5%A5%A7%E4%B8%AD%E5%B1%B1%20%E9%90%B5%E6%9D%BF%E9%A6%99%E7%85%8E%E4%BD%90%E5%8A%A9%E8%B1%9A%E6%8E%92
雪あかり 招牌豬排味噌拉麵,雪あかり 招牌豬排味噌 岩手県一戸町,正餐名物,奧中山高原・一戶,Day 11,滑雪中繼人氣第一！大塊現炸酥脆豬排浸入辛香味噌湯底，厚實暖身,★★★★☆,雪場 Center House 1F,https://www.google.com/maps/search/?api=1&query=%E9%9B%AA%E3%81%82%E3%81%8B%E3%82%8A%20%E6%8B%9B%E7%89%8C%E8%B1%AC%E6%8E%92%E5%91%B3%E5%99%8C%20%E5%B2%A9%E6%89%8B%E7%9C%8C%E4%B8%80%E6%88%B8%E7%94%BA,https://tabelog.com/rstLst/?sw=%E9%9B%AA%E3%81%82%E3%81%8B%E3%82%8A%20%E6%8B%9B%E7%89%8C%E8%B1%AC%E6%8E%92%E5%91%B3%E5%99%8C
こもれび 高原生姜黑豚鐵板燒,こもれび 高原生姜黑豚鐵板燒 岩手県一戸町,正餐名物,奧中山高原・一戶,Day 11,一戶町產佐助黑豚肉質多汁鮮嫩，搭配濃郁薑汁與高麗菜絲極下飯,★★★★☆,朝陽館內,https://www.google.com/maps/search/?api=1&query=%E3%81%93%E3%82%82%E3%82%8C%E3%81%B3%20%E9%AB%98%E5%8E%9F%E7%94%9F%E5%A7%9C%E9%BB%91%E8%B1%9A%E9%90%B5%E6%9D%BF%E7%87%92%20%E5%B2%A9%E6%89%8B%E7%9C%8C%E4%B8%80%E6%88%B8%E7%94%BA,https://tabelog.com/rstLst/?sw=%E3%81%93%E3%82%82%E3%82%8C%E3%81%B3%20%E9%AB%98%E5%8E%9F%E7%94%9F%E5%A7%9C%E9%BB%91%E8%B1%9A%E9%90%B5%E6%9D%BF%E7%87%92
奧中山溫泉 旬魚和風膳,奧中山溫泉 旬魚和風膳 岩手県一戸町,正餐名物,奧中山高原・一戶,Day 11,新鮮三陸鮭魚、烤扇貝與高山山菜炊飯之精緻溫泉套餐,★★★★★,煌星館餐廳,https://www.google.com/maps/search/?api=1&query=%E5%A5%A7%E4%B8%AD%E5%B1%B1%E6%BA%AB%E6%B3%89%20%E6%97%AC%E9%AD%9A%E5%92%8C%E9%A2%A8%E8%86%B3%20%E5%B2%A9%E6%89%8B%E7%9C%8C%E4%B8%80%E6%88%B8%E7%94%BA,https://tabelog.com/rstLst/?sw=%E5%A5%A7%E4%B8%AD%E5%B1%B1%E6%BA%AB%E6%B3%89%20%E6%97%AC%E9%AD%9A%E5%92%8C%E9%A2%A8%E8%86%B3
一戶 站前食堂 はやし,一戶 站前食堂 はやし 岩手県一戸町,正餐名物,奧中山高原・一戶,Day 11,鄉村手作煎餃定食與清湯小魚乾烏龍麵，在地樸實美味,★★★★☆,奧中山站前,https://www.google.com/maps/search/?api=1&query=%E4%B8%80%E6%88%B6%20%E7%AB%99%E5%89%8D%E9%A3%9F%E5%A0%82%20%E3%81%AF%E3%82%84%E3%81%97%20%E5%B2%A9%E6%89%8B%E7%9C%8C%E4%B8%80%E6%88%B8%E7%94%BA,https://tabelog.com/rstLst/?sw=%E4%B8%80%E6%88%B6%20%E7%AB%99%E5%89%8D%E9%A3%9F%E5%A0%82%20%E3%81%AF%E3%82%84%E3%81%97
高原手打蕎麥 山彥 (Yamabiko),高原手打蕎麥 山彥 岩手県一戸町,正餐名物,奧中山高原・一戶,Day 11,二戶產玄蕎麥現磨手打，附炸豚蒡與野菜天婦羅,★★★★☆,車程 10 分,https://www.google.com/maps/search/?api=1&query=%E9%AB%98%E5%8E%9F%E6%89%8B%E6%89%93%E8%95%8E%E9%BA%A5%20%E5%B1%B1%E5%BD%A5%20%E5%B2%A9%E6%89%8B%E7%9C%8C%E4%B8%80%E6%88%B8%E7%94%BA,https://tabelog.com/rstLst/?sw=%E9%AB%98%E5%8E%9F%E6%89%8B%E6%89%93%E8%95%8E%E9%BA%A5%20%E5%B1%B1%E5%BD%A5
南部地雞料理 庵 (二戶特選地雞親子丼),南部地雞料理 庵 岩手県一戸町,正餐名物,奧中山高原・一戶,Day 11,【二戶南部地雞專門名門】炭烤南部地雞腿肉佐濃郁金黃土雞蛋汁，滑嫩鹹甜，驅寒暖胃第一名品（純豚肉地雞與海鮮高湯）,★★★★★,飯店內餐廳,https://www.google.com/maps/search/?api=1&query=%E5%8D%97%E9%83%A8%E5%9C%B0%E9%9B%9E%E6%96%99%E7%90%86%20%E5%BA%B5%20%E5%B2%A9%E6%89%8B%E7%9C%8C%E4%B8%80%E6%88%B8%E7%94%BA,https://tabelog.com/rstLst/?sw=%E5%8D%97%E9%83%A8%E5%9C%B0%E9%9B%9E%E6%96%99%E7%90%86%20%E5%BA%B5
雪あかり 大盛唐揚炸雞咖哩飯,雪あかり 大盛唐揚炸雞咖哩飯 岩手県一戸町,正餐名物,奧中山高原・一戶,Day 11,金黃酥脆炸雞堆滿濃郁日式咖哩飯，熱量補給神品,★★★★☆,雪場 1F,https://www.google.com/maps/search/?api=1&query=%E9%9B%AA%E3%81%82%E3%81%8B%E3%82%8A%20%E5%A4%A7%E7%9B%9B%E5%94%90%E6%8F%9A%E7%82%B8%E9%9B%9E%E5%92%96%E5%93%A9%E9%A3%AF%20%E5%B2%A9%E6%89%8B%E7%9C%8C%E4%B8%80%E6%88%B8%E7%94%BA,https://tabelog.com/rstLst/?sw=%E9%9B%AA%E3%81%82%E3%81%8B%E3%82%8A%20%E5%A4%A7%E7%9B%9B%E5%94%90%E6%8F%9A%E7%82%B8%E9%9B%9E%E5%92%96%E5%93%A9%E9%A3%AF
高原山菜 鍋燒熱湯麵,高原山菜 鍋燒熱湯麵 岩手県一戸町,正餐名物,奧中山高原・一戶,Day 11,當季高山薇菜、竹筍與滑菇現煮熱湯麵，溫胃驅寒,★★★★☆,朝陽館食堂,https://www.google.com/maps/search/?api=1&query=%E9%AB%98%E5%8E%9F%E5%B1%B1%E8%8F%9C%20%E9%8D%8B%E7%87%92%E7%86%B1%E6%B9%AF%E9%BA%B5%20%E5%B2%A9%E6%89%8B%E7%9C%8C%E4%B8%80%E6%88%B8%E7%94%BA,https://tabelog.com/rstLst/?sw=%E9%AB%98%E5%8E%9F%E5%B1%B1%E8%8F%9C%20%E9%8D%8B%E7%87%92%E7%86%B1%E6%B9%AF%E9%BA%B5
二戶 炭火燒鳥 一休,二戶 炭火燒鳥 一休 岩手県一戸町,正餐名物,奧中山高原・一戶,Day 11,炭火直烤在地嫩雞腿串、烤雞肝配冰涼生啤,★★★★☆,二戶車程 20 分,https://www.google.com/maps/search/?api=1&query=%E4%BA%8C%E6%88%B6%20%E7%82%AD%E7%81%AB%E7%87%92%E9%B3%A5%20%E4%B8%80%E4%BC%91%20%E5%B2%A9%E6%89%8B%E7%9C%8C%E4%B8%80%E6%88%B8%E7%94%BA,https://tabelog.com/rstLst/?sw=%E4%BA%8C%E6%88%B6%20%E7%82%AD%E7%81%AB%E7%87%92%E9%B3%A5%20%E4%B8%80%E4%BC%91
一戶町 麵屋 樂 (Raku),一戶町 麵屋 樂 岩手県一戸町,正餐名物,奧中山高原・一戶,Day 11・12,小魚乾與豚骨雙湯頭煮干拉麵，叉燒厚切炙燒香氣逼人,★★★★☆,奧中山站前車程 5 分,https://www.google.com/maps/search/?api=1&query=%E4%B8%80%E6%88%B6%E7%94%BA%20%E9%BA%B5%E5%B1%8B%20%E6%A8%82%20%E5%B2%A9%E6%89%8B%E7%9C%8C%E4%B8%80%E6%88%B8%E7%94%BA,https://tabelog.com/rstLst/?sw=%E4%B8%80%E6%88%B6%E7%94%BA%20%E9%BA%B5%E5%B1%8B%20%E6%A8%82
雪あかり 手打白金豚漢堡排定食,雪あかり 手打白金豚漢堡排定食 岩手県一戸町,正餐名物,奧中山高原・一戶,Day 12,奧中山當地白金豚手打手作漢堡排，淋上特調多蜜醬汁與半熟荷包蛋，鮮嫩多汁,★★★★☆,雪場 Center House 1F,https://www.google.com/maps/search/?api=1&query=%E9%9B%AA%E3%81%82%E3%81%8B%E3%82%8A%20%E6%89%8B%E6%89%93%E7%99%BD%E9%87%91%E8%B1%9A%E6%BC%A2%E5%A0%A1%E6%8E%92%E5%AE%9A%E9%A3%9F%20%E5%B2%A9%E6%89%8B%E7%9C%8C%E4%B8%80%E6%88%B8%E7%94%BA,https://tabelog.com/rstLst/?sw=%E9%9B%AA%E3%81%82%E3%81%8B%E3%82%8A%20%E6%89%8B%E6%89%93%E7%99%BD%E9%87%91%E8%B1%9A%E6%BC%A2%E5%A0%A1%E6%8E%92%E5%AE%9A%E9%A3%9F
こもれび 奧中山味噌豚骨拉麵,こもれび 奧中山味噌豚骨 岩手県一戸町,正餐名物,奧中山高原・一戶,Day 12,在地熟成赤味噌與濃縮豚骨高湯，粗捲麵條吸附滿滿湯汁,★★★★☆,飯店朝陽館內,https://www.google.com/maps/search/?api=1&query=%E3%81%93%E3%82%82%E3%82%8C%E3%81%B3%20%E5%A5%A7%E4%B8%AD%E5%B1%B1%E5%91%B3%E5%99%8C%E8%B1%9A%E9%AA%A8%20%E5%B2%A9%E6%89%8B%E7%9C%8C%E4%B8%80%E6%88%B8%E7%94%BA,https://tabelog.com/rstLst/?sw=%E3%81%93%E3%82%82%E3%82%8C%E3%81%B3%20%E5%A5%A7%E4%B8%AD%E5%B1%B1%E5%91%B3%E5%99%8C%E8%B1%9A%E9%AA%A8
奥中山高原 鐵板三元豚生薑燒定食,奥中山高原 鐵板三元豚生薑燒定食 岩手県一戸町,正餐名物,奧中山高原・一戶,Day 12,厚切奧中山三元豚以濃郁生薑醬油鐵板現煎，搭配高麗菜絲與白飯，滑雪後極致開胃,★★★★★,飯店煌星館,https://www.google.com/maps/search/?api=1&query=%E5%A5%A5%E4%B8%AD%E5%B1%B1%E9%AB%98%E5%8E%9F%20%E9%90%B5%E6%9D%BF%E4%B8%89%E5%85%83%E8%B1%9A%E7%94%9F%E8%96%91%E7%87%92%E5%AE%9A%E9%A3%9F%20%E5%B2%A9%E6%89%8B%E7%9C%8C%E4%B8%80%E6%88%B8%E7%94%BA,https://tabelog.com/rstLst/?sw=%E5%A5%A5%E4%B8%AD%E5%B1%B1%E9%AB%98%E5%8E%9F%20%E9%90%B5%E6%9D%BF%E4%B8%89%E5%85%83%E8%B1%9A%E7%94%9F%E8%96%91%E7%87%92%E5%AE%9A%E9%A3%9F
奧中山高原 醬汁佐助豬排丼,奧中山高原 醬汁佐助豬排丼 岩手県一戸町,正餐名物,奧中山高原・一戶,Day 12,酥炸厚里肌浸入特調酸甜醬汁，鋪於高麗菜絲與白飯上,★★★★☆,朝陽館食堂,https://www.google.com/maps/search/?api=1&query=%E5%A5%A7%E4%B8%AD%E5%B1%B1%E9%AB%98%E5%8E%9F%20%E9%86%AC%E6%B1%81%E4%BD%90%E5%8A%A9%E8%B1%AC%E6%8E%92%E4%B8%BC%20%E5%B2%A9%E6%89%8B%E7%9C%8C%E4%B8%80%E6%88%B8%E7%94%BA,https://tabelog.com/rstLst/?sw=%E5%A5%A7%E4%B8%AD%E5%B1%B1%E9%AB%98%E5%8E%9F%20%E9%86%AC%E6%B1%81%E4%BD%90%E5%8A%A9%E8%B1%AC%E6%8E%92%E4%B8%BC
高原野菜 咖哩烏龍熱麵,高原野菜 咖哩烏龍熱麵 岩手県一戸町,正餐名物,奧中山高原・一戶,Day 12,濃郁咖哩拌炒洋蔥、紅蘿蔔與豚肉片，彈牙烏龍暖胃,★★★★☆,雪あかり,https://www.google.com/maps/search/?api=1&query=%E9%AB%98%E5%8E%9F%E9%87%8E%E8%8F%9C%20%E5%92%96%E5%93%A9%E7%83%8F%E9%BE%8D%E7%86%B1%E9%BA%B5%20%E5%B2%A9%E6%89%8B%E7%9C%8C%E4%B8%80%E6%88%B8%E7%94%BA,https://tabelog.com/rstLst/?sw=%E9%AB%98%E5%8E%9F%E9%87%8E%E8%8F%9C%20%E5%92%96%E5%93%A9%E7%83%8F%E9%BE%8D%E7%86%B1%E9%BA%B5
一戶 手作煎餃 大吉,一戶 手作煎餃 大吉 岩手県一戸町,正餐名物,奧中山高原・一戶,Day 12,皮薄餡滿蔬菜多汁，煎至底層金黃香脆,★★★★☆,車站前,https://www.google.com/maps/search/?api=1&query=%E4%B8%80%E6%88%B6%20%E6%89%8B%E4%BD%9C%E7%85%8E%E9%A4%83%20%E5%A4%A7%E5%90%89%20%E5%B2%A9%E6%89%8B%E7%9C%8C%E4%B8%80%E6%88%B8%E7%94%BA,https://tabelog.com/rstLst/?sw=%E4%B8%80%E6%88%B6%20%E6%89%8B%E4%BD%9C%E7%85%8E%E9%A4%83%20%E5%A4%A7%E5%90%89
二戶 燒肉 三輪,二戶 燒肉 三輪 岩手県一戸町,正餐名物,奧中山高原・一戶,Day 12,新鮮豚小排、橫膈膜與豚舌炭火燒肉，香氣撲鼻,★★★★☆,二戶站前,https://www.google.com/maps/search/?api=1&query=%E4%BA%8C%E6%88%B6%20%E7%87%92%E8%82%89%20%E4%B8%89%E8%BC%AA%20%E5%B2%A9%E6%89%8B%E7%9C%8C%E4%B8%80%E6%88%B8%E7%94%BA,https://tabelog.com/rstLst/?sw=%E4%BA%8C%E6%88%B6%20%E7%87%92%E8%82%89%20%E4%B8%89%E8%BC%AA
奧中山 炭烤岩魚鹽燒,奧中山 炭烤岩魚鹽燒 岩手県一戸町,正餐名物,奧中山高原・一戶,Day 12,山溪冷泉岩魚整尾串烤，外皮焦脆魚肉細緻,★★★★☆,晚餐會席,https://www.google.com/maps/search/?api=1&query=%E5%A5%A7%E4%B8%AD%E5%B1%B1%20%E7%82%AD%E7%83%A4%E5%B2%A9%E9%AD%9A%E9%B9%BD%E7%87%92%20%E5%B2%A9%E6%89%8B%E7%9C%8C%E4%B8%80%E6%88%B8%E7%94%BA,https://tabelog.com/rstLst/?sw=%E5%A5%A7%E4%B8%AD%E5%B1%B1%20%E7%82%AD%E7%83%A4%E5%B2%A9%E9%AD%9A%E9%B9%BD%E7%87%92
奧中山高原 感謝祭晚宴,奧中山高原 感謝祭晚宴 岩手県一戸町,正餐名物,奧中山高原・一戶,Day 13,滑雪圓滿結業晚宴！岩手短角豚厚煎豚排、奧中山生乳起司焗烤與在地時蔬,★★★★★,飯店朝陽館,https://www.google.com/maps/search/?api=1&query=%E5%A5%A7%E4%B8%AD%E5%B1%B1%E9%AB%98%E5%8E%9F%20%E6%84%9F%E8%AC%9D%E7%A5%AD%E6%99%9A%E5%AE%B4%20%E5%B2%A9%E6%89%8B%E7%9C%8C%E4%B8%80%E6%88%B8%E7%94%BA,https://tabelog.com/rstLst/?sw=%E5%A5%A7%E4%B8%AD%E5%B1%B1%E9%AB%98%E5%8E%9F%20%E6%84%9F%E8%AC%9D%E7%A5%AD%E6%99%9A%E5%AE%B4
雪あかり 鍋燒野菜烏龍,雪あかり 鍋燒野菜烏龍 岩手県一戸町,正餐名物,奧中山高原・一戶,Day 13,砂鍋現煮甘醇柴魚高湯，盛滿香菇、山菜、油豆腐與半熟蛋,★★★★☆,雪場 1F,https://www.google.com/maps/search/?api=1&query=%E9%9B%AA%E3%81%82%E3%81%8B%E3%82%8A%20%E9%8D%8B%E7%87%92%E9%87%8E%E8%8F%9C%E7%83%8F%E9%BE%8D%20%E5%B2%A9%E6%89%8B%E7%9C%8C%E4%B8%80%E6%88%B8%E7%94%BA,https://tabelog.com/rstLst/?sw=%E9%9B%AA%E3%81%82%E3%81%8B%E3%82%8A%20%E9%8D%8B%E7%87%92%E9%87%8E%E8%8F%9C%E7%83%8F%E9%BE%8D
こもれび 特製佐助黑豚丼,こもれび 特製佐助黑豚丼 岩手県一戸町,正餐名物,奧中山高原・一戶,Day 13,醬烤厚片佐助黑豚覆蓋熱騰騰一戶產特 A 白米飯，香氣撲鼻,★★★★☆,朝陽館內,https://www.google.com/maps/search/?api=1&query=%E3%81%93%E3%82%82%E3%82%8C%E3%81%B3%20%E7%89%B9%E8%A3%BD%E4%BD%90%E5%8A%A9%E9%BB%91%E8%B1%9A%E4%B8%BC%20%E5%B2%A9%E6%89%8B%E7%9C%8C%E4%B8%80%E6%88%B8%E7%94%BA,https://tabelog.com/rstLst/?sw=%E3%81%93%E3%82%82%E3%82%8C%E3%81%B3%20%E7%89%B9%E8%A3%BD%E4%BD%90%E5%8A%A9%E9%BB%91%E8%B1%9A%E4%B8%BC
一戶町 麵房 旭 (Asahi),一戶町 麵房 旭 岩手県一戸町,正餐名物,奧中山高原・一戶,Day 13,手打清爽醬油中華拉麵，搭配手作煎餃定食,★★★★☆,奧中山站前步行 4 分,https://www.google.com/maps/search/?api=1&query=%E4%B8%80%E6%88%B6%E7%94%BA%20%E9%BA%B5%E6%88%BF%20%E6%97%AD%20%E5%B2%A9%E6%89%8B%E7%9C%8C%E4%B8%80%E6%88%B8%E7%94%BA,https://tabelog.com/rstLst/?sw=%E4%B8%80%E6%88%B6%E7%94%BA%20%E9%BA%B5%E6%88%BF%20%E6%97%AD
炭火居酒屋 一休 (二戶站前),炭火居酒屋 一休 岩手県一戸町,正餐名物,奧中山高原・一戶,Day 13,炭火直烤地雞串燒、三陸鮮烤牡蠣與南部美人酒藏直送生酒,★★★★☆,二戶站前車程 20 分,https://www.google.com/maps/search/?api=1&query=%E7%82%AD%E7%81%AB%E5%B1%85%E9%85%92%E5%B1%8B%20%E4%B8%80%E4%BC%91%20%E5%B2%A9%E6%89%8B%E7%9C%8C%E4%B8%80%E6%88%B8%E7%94%BA,https://tabelog.com/rstLst/?sw=%E7%82%AD%E7%81%AB%E5%B1%85%E9%85%92%E5%B1%8B%20%E4%B8%80%E4%BC%91
奧中山 手打蕎麥冷熱雙吃,奧中山 手打蕎麥冷熱雙吃 岩手県一戸町,正餐名物,奧中山高原・一戶,Day 13,玄蕎麥手打麵條，同時品嚐濃郁熱沾汁與清爽冷沾汁,★★★★☆,車站前,https://www.google.com/maps/search/?api=1&query=%E5%A5%A7%E4%B8%AD%E5%B1%B1%20%E6%89%8B%E6%89%93%E8%95%8E%E9%BA%A5%E5%86%B7%E7%86%B1%E9%9B%99%E5%90%83%20%E5%B2%A9%E6%89%8B%E7%9C%8C%E4%B8%80%E6%88%B8%E7%94%BA,https://tabelog.com/rstLst/?sw=%E5%A5%A7%E4%B8%AD%E5%B1%B1%20%E6%89%8B%E6%89%93%E8%95%8E%E9%BA%A5%E5%86%B7%E7%86%B1%E9%9B%99%E5%90%83
高原鐵板 奧中山手打豚肉漢堡排定食,高原鐵板 奧中山手打豚肉漢堡排定食 岩手県一戸町,正餐名物,奧中山高原・一戶,Day 13,特選奧中山黑豚手揉漢堡排，鐵板滋滋作響肉汁噴發，搭配在地時令蔬菜,★★★★☆,雪あかり 2F,https://www.google.com/maps/search/?api=1&query=%E9%AB%98%E5%8E%9F%E9%90%B5%E6%9D%BF%20%E5%A5%A7%E4%B8%AD%E5%B1%B1%E6%89%8B%E6%89%93%E8%B1%9A%E8%82%89%E6%BC%A2%E5%A0%A1%E6%8E%92%E5%AE%9A%E9%A3%9F%20%E5%B2%A9%E6%89%8B%E7%9C%8C%E4%B8%80%E6%88%B8%E7%94%BA,https://tabelog.com/rstLst/?sw=%E9%AB%98%E5%8E%9F%E9%90%B5%E6%9D%BF%20%E5%A5%A7%E4%B8%AD%E5%B1%B1%E6%89%8B%E6%89%93%E8%B1%9A%E8%82%89%E6%BC%A2%E5%A0%A1%E6%8E%92%E5%AE%9A%E9%A3%9F
一戶 手作豚汁定食,一戶 手作豚汁定食 岩手県一戸町,正餐名物,奧中山高原・一戶,Day 13,大量蘿蔔、豚蒡、蒟蒻與五花肉熬煮濃郁豚汁,★★★★☆,站前小料理,https://www.google.com/maps/search/?api=1&query=%E4%B8%80%E6%88%B6%20%E6%89%8B%E4%BD%9C%E8%B1%9A%E6%B1%81%E5%AE%9A%E9%A3%9F%20%E5%B2%A9%E6%89%8B%E7%9C%8C%E4%B8%80%E6%88%B8%E7%94%BA,https://tabelog.com/rstLst/?sw=%E4%B8%80%E6%88%B6%20%E6%89%8B%E4%BD%9C%E8%B1%9A%E6%B1%81%E5%AE%9A%E9%A3%9F
二戶 佐助豚手打涮涮鍋 專門店,二戶 佐助豚手打涮涮鍋 專門店 岩手県一戸町,正餐名物,奧中山高原・一戶,Day 13,折爪三元佐助豚極薄切肉片，於昆布柴魚高湯中輕涮五秒，沾特調胡麻橙醋醬鮮甜回甘（純豚肉地雞與海鮮高湯）,★★★★★,二戶市內,https://www.google.com/maps/search/?api=1&query=%E4%BA%8C%E6%88%B6%20%E4%BD%90%E5%8A%A9%E8%B1%9A%E6%89%8B%E6%89%93%E6%B6%AE%E6%B6%AE%E9%8D%8B%20%E5%B0%88%E9%96%80%E5%BA%97%20%E5%B2%A9%E6%89%8B%E7%9C%8C%E4%B8%80%E6%88%B8%E7%94%BA,https://tabelog.com/rstLst/?sw=%E4%BA%8C%E6%88%B6%20%E4%BD%90%E5%8A%A9%E8%B1%9A%E6%89%8B%E6%89%93%E6%B6%AE%E6%B6%AE%E9%8D%8B%20%E5%B0%88%E9%96%80%E5%BA%97
奧中山 結業炭火慶祝燒烤,奧中山 結業炭火慶祝燒烤 岩手県一戸町,正餐名物,奧中山高原・一戶,Day 13,炭火現烤岩魚、帆立貝與佐助黑豚五花肉串,★★★★☆,煌星館,https://www.google.com/maps/search/?api=1&query=%E5%A5%A7%E4%B8%AD%E5%B1%B1%20%E7%B5%90%E6%A5%AD%E7%82%AD%E7%81%AB%E6%85%B6%E7%A5%9D%E7%87%92%E7%83%A4%20%E5%B2%A9%E6%89%8B%E7%9C%8C%E4%B8%80%E6%88%B8%E7%94%BA,https://tabelog.com/rstLst/?sw=%E5%A5%A7%E4%B8%AD%E5%B1%B1%20%E7%B5%90%E6%A5%AD%E7%82%AD%E7%81%AB%E6%85%B6%E7%A5%9D%E7%87%92%E7%83%A4
鳥茂 (Torishige 新宿南口),鳥茂 新宿 東京都新宿区,正餐名物,東京・新宿,Day 14・15,【食べログ 焼きとん百名店！創業七十年傳奇炭烤老舖】以極致豚肉炭火串燒聞名，特選白金豚肉卷、烤豚肝與特製筑前煮絕品（純豚肉地雞與海鮮高湯）,★★★★★,新宿南口步行 2 分,https://www.google.com/maps/search/?api=1&query=%E9%B3%A5%E8%8C%82%20%E6%96%B0%E5%AE%BF%20%E6%9D%B1%E4%BA%AC%E9%83%BD%E6%96%B0%E5%AE%BF%E5%8C%BA,https://tabelog.com/rstLst/?sw=%E9%B3%A5%E8%8C%82%20%E6%96%B0%E5%AE%BF
麺屋 翔 本店 (Menya Sho),麺屋 翔 本店 新宿 東京都新宿区,正餐名物,東京・新宿,Day 14・15,【食べログ ラーメン百名店！新宿第一雞湯拉麵】「特製香彩軍雞鹽拉麵」嚴選日本四大地雞 Slow-cook 慢熬清澈黃金湯頭，低溫舒肥叉燒嫩滑甘美,★★★★★,西新宿步行 8 分,https://www.google.com/maps/search/?api=1&query=%E9%BA%BA%E5%B1%8B%20%E7%BF%94%20%E6%9C%AC%E5%BA%97%20%E6%96%B0%E5%AE%BF%20%E6%9D%B1%E4%BA%AC%E9%83%BD%E6%96%B0%E5%AE%BF%E5%8C%BA,https://tabelog.com/rstLst/?sw=%E9%BA%BA%E5%B1%8B%20%E7%BF%94%20%E6%9C%AC%E5%BA%97%20%E6%96%B0%E5%AE%BF
風雲児 (Fuuunji 新宿南口),風雲児 新宿 東京都新宿区,正餐名物,東京・新宿,Day 14・15,【食べログ ラーメン百名店！東京排隊沾麵傳奇】八小時慢熬超濃縮雞白湯與四國小魚乾魚介精華，特粗自家製彈牙沾麵吸附濃郁湯汁極致過癮,★★★★★,南口步行 6 分,https://www.google.com/maps/search/?api=1&query=%E9%A2%A8%E9%9B%B2%E5%85%90%20%E6%96%B0%E5%AE%BF%20%E6%9D%B1%E4%BA%AC%E9%83%BD%E6%96%B0%E5%AE%BF%E5%8C%BA,https://tabelog.com/rstLst/?sw=%E9%A2%A8%E9%9B%B2%E5%85%90%20%E6%96%B0%E5%AE%BF
割烹 中嶋 (Kappo Nakajima),割烹 中嶋 新宿 東京都新宿区,正餐名物,東京・新宿,Day 14・15,【米其林一星割烹料理】北大路魯山人弟子傳承名店！招牌「沙丁魚柳川鍋 (生薑土鍋煮)」與香酥炸沙丁魚排套餐性價比頂級,★★★★★,新宿東口步行 3 分,https://www.google.com/maps/search/?api=1&query=%E5%89%B2%E7%83%B9%20%E4%B8%AD%E5%B6%8B%20%E6%96%B0%E5%AE%BF%20%E6%9D%B1%E4%BA%AC%E9%83%BD%E6%96%B0%E5%AE%BF%E5%8C%BA,https://tabelog.com/rstLst/?sw=%E5%89%B2%E7%83%B9%20%E4%B8%AD%E5%B6%8B%20%E6%96%B0%E5%AE%BF
すし岩瀬 (Sushi Iwase),すし岩瀬 新宿 東京都新宿区,正餐名物,東京・新宿,Day 14・15,【新宿超人氣江戶前正統壽司】主廚嚴選東京灣與北海道時令白身魚、甜蝦、海膽與穴子，赤醋飯溫度精準掌握,★★★★★,新宿南口步行 4 分,https://www.google.com/maps/search/?api=1&query=%E3%81%99%E3%81%97%E5%B2%A9%E7%80%AC%20%E6%96%B0%E5%AE%BF%20%E6%9D%B1%E4%BA%AC%E9%83%BD%E6%96%B0%E5%AE%BF%E5%8C%BA,https://tabelog.com/rstLst/?sw=%E3%81%99%E3%81%97%E5%B2%A9%E7%80%AC%20%E6%96%B0%E5%AE%BF
とんかつ もと村 新宿南口店,牛かつ もと村 新宿南口店 東京都新宿区,正餐名物,東京・新宿,Day 14,外層黃金薄脆麵衣、內部鮮嫩多汁之極上炸豬排，搭配石板自選熟度微炙與山藥泥麥飯,★★★★☆,新宿東南口步行 3 分,https://www.google.com/maps/search/?api=1&query=%E7%89%9B%E3%81%8B%E3%81%A4%20%E3%82%82%E3%81%A8%E6%9D%91%20%E6%96%B0%E5%AE%BF%E5%8D%97%E5%8F%A3%E5%BA%97%20%E6%9D%B1%E4%BA%AC%E9%83%BD%E6%96%B0%E5%AE%BF%E5%8C%BA,https://tabelog.com/rstLst/?sw=%E7%89%9B%E3%81%8B%E3%81%A4%20%E3%82%82%E3%81%A8%E6%9D%91%20%E6%96%B0%E5%AE%BF%E5%8D%97%E5%8F%A3%E5%BA%97
煮干中華そば 鈴蘭 (Suzuran),煮干中華そば 鈴蘭 新宿 東京都新宿区,正餐名物,東京・新宿・成田・歸途,Day 14・16,津輕風味延伸！特濃銀鱗小魚乾慢火熬製之濃厚魚介沾麵與叉燒拉麵,★★★★☆,新宿三丁目步行 3 分,https://www.google.com/maps/search/?api=1&query=%E7%85%AE%E5%B9%B2%E4%B8%AD%E8%8F%AF%E3%81%9D%E3%81%B0%20%E9%88%B4%E8%98%AD%20%E6%96%B0%E5%AE%BF%20%E6%9D%B1%E4%BA%AC%E9%83%BD%E6%96%B0%E5%AE%BF%E5%8C%BA,https://tabelog.com/rstLst/?sw=%E7%85%AE%E5%B9%B2%E4%B8%AD%E8%8F%AF%E3%81%9D%E3%81%B0%20%E9%88%B4%E8%98%AD%20%E6%96%B0%E5%AE%BF
つな八 總本店 (Tsunahachi),つな八 總本店 東京都新宿区,正餐名物,東京・新宿・成田・歸途,Day 14・16,大正十三年創立！胡麻油現炸活大蝦、穴子魚、季節舞茸天婦羅，外衣薄脆爽口不油膩,★★★★☆,新宿東口步行 3 分,https://www.google.com/maps/search/?api=1&query=%E3%81%A4%E3%81%AA%E5%85%AB%20%E7%B8%BD%E6%9C%AC%E5%BA%97%20%E6%9D%B1%E4%BA%AC%E9%83%BD%E6%96%B0%E5%AE%BF%E5%8C%BA,https://tabelog.com/rstLst/?sw=%E3%81%A4%E3%81%AA%E5%85%AB%20%E7%B8%BD%E6%9C%AC%E5%BA%97
麺屋 海神 (Kaijin 新宿店),麺屋 海神 東京都新宿区,正餐名物,東京・新宿,Day 14,【食べログ ラーメン百名店！鮮魚白湯之王】每日嚴選鯛魚、鰤魚等五種近海鮮魚骨慢火精熬清透魚湯，搭配手工雞肉丸與鮮蝦丸,★★★★★,新宿東南口步行 1 分,https://www.google.com/maps/search/?api=1&query=%E9%BA%BA%E5%B1%8B%20%E6%B5%B7%E7%A5%9E%20%E6%9D%B1%E4%BA%AC%E9%83%BD%E6%96%B0%E5%AE%BF%E5%8C%BA,https://tabelog.com/rstLst/?sw=%E9%BA%BA%E5%B1%8B%20%E6%B5%B7%E7%A5%9E
魚真 新宿店 (Uoshin),魚真 新宿店 東京都新宿区,正餐名物,東京・新宿・成田・歸途,Day 14・16,鮮魚老舖直營居酒屋！特上生魚片盛合、鹽烤赤鯥魚、海膽毛蟹手卷配日本各地純米酒,★★★★☆,新宿東南口步行 3 分,https://www.google.com/maps/search/?api=1&query=%E9%AD%9A%E7%9C%9F%20%E6%96%B0%E5%AE%BF%E5%BA%97%20%E6%9D%B1%E4%BA%AC%E9%83%BD%E6%96%B0%E5%AE%BF%E5%8C%BA,https://tabelog.com/rstLst/?sw=%E9%AD%9A%E7%9C%9F%20%E6%96%B0%E5%AE%BF%E5%BA%97
みうらうどん (Miura Udon 富士吉田),みうらうどん 富士吉田 山梨県富士吉田市,正餐名物,東京・新宿,Day 15,【食べログ うどん百名店！吉田烏龍麵元祖】手工手揉極粗彈牙烏龍麵，味噌與醬油雙湯頭，搭配大量高麗菜與現炸天婦羅（非牛配料，口感勁道無比）,★★★★★,富士吉田市車程 8 分,https://www.google.com/maps/search/?api=1&query=%E3%81%BF%E3%81%86%E3%82%89%E3%81%86%E3%81%A9%E3%82%93%20%E5%AF%8C%E5%A3%AB%E5%90%89%E7%94%B0%20%E5%B1%B1%E6%A2%A8%E7%9C%8C%E5%AF%8C%E5%A3%AB%E5%90%89%E7%94%B0%E5%B8%82,https://tabelog.com/rstLst/?sw=%E3%81%BF%E3%81%86%E3%82%89%E3%81%86%E3%81%A9%E3%82%93%20%E5%AF%8C%E5%A3%AB%E5%90%89%E7%94%B0
麺許皆伝 (Menkyokaiden 富士吉田),麺許皆伝 富士吉田 山梨県富士吉田市,正餐名物,東京・新宿,Day 15,【食べログ うどん百名店！吉田排隊第一名店】招牌特製烏龍麵附大塊酥脆竹輪天婦羅、溫泉蛋與清爽高麗菜，高湯甘醇鮮甜,★★★★★,富士急樂園周邊,https://www.google.com/maps/search/?api=1&query=%E9%BA%BA%E8%A8%B1%E7%9A%86%E4%BC%9D%20%E5%AF%8C%E5%A3%AB%E5%90%89%E7%94%B0%20%E5%B1%B1%E6%A2%A8%E7%9C%8C%E5%AF%8C%E5%A3%AB%E5%90%89%E7%94%B0%E5%B8%82,https://tabelog.com/rstLst/?sw=%E9%BA%BA%E8%A8%B1%E7%9A%86%E4%BC%9D%20%E5%AF%8C%E5%A3%AB%E5%90%89%E7%94%B0
たけ川うどん (Takekawa 富士吉田),たけ川うどん 富士吉田 山梨県富士吉田市,正餐名物,東京・新宿,Day 15,在地人最推的手打硬麵烏龍老舖！自製激辛「すりだね」辣椒香料油拌入高湯，香氣四溢,★★★★★,富士吉田市區,https://www.google.com/maps/search/?api=1&query=%E3%81%9F%E3%81%91%E5%B7%9D%E3%81%86%E3%81%A9%E3%82%93%20%E5%AF%8C%E5%A3%AB%E5%90%89%E7%94%B0%20%E5%B1%B1%E6%A2%A8%E7%9C%8C%E5%AF%8C%E5%A3%AB%E5%90%89%E7%94%B0%E5%B8%82,https://tabelog.com/rstLst/?sw=%E3%81%9F%E3%81%91%E5%B7%9D%E3%81%86%E3%81%A9%E3%82%93%20%E5%AF%8C%E5%A3%AB%E5%90%89%E7%94%B0
富士急樂園 防波堤濃厚沾麵,富士急樂園 防波堤濃厚沾麵 山梨県富士吉田市,正餐名物,東京・新宿,Day 15,園區內高人氣保暖熱食！特濃豚骨魚介湯頭佐厚切叉燒肉與筍乾，熱騰騰迅速補充體力,★★★★☆,樂園美食街 1F,https://www.google.com/maps/search/?api=1&query=%E5%AF%8C%E5%A3%AB%E6%80%A5%E6%A8%82%E5%9C%92%20%E9%98%B2%E6%B3%A2%E5%A0%A4%E6%BF%83%E5%8E%9A%E6%B2%BE%E9%BA%B5%20%E5%B1%B1%E6%A2%A8%E7%9C%8C%E5%AF%8C%E5%A3%AB%E5%90%89%E7%94%B0%E5%B8%82,https://tabelog.com/rstLst/?sw=%E5%AF%8C%E5%A3%AB%E6%80%A5%E6%A8%82%E5%9C%92%20%E9%98%B2%E6%B3%A2%E5%A0%A4%E6%BF%83%E5%8E%9A%E6%B2%BE%E9%BA%B5
とんかつ ジーエス (GS 新宿),とんかつ ジーエス 東京都新宿区,正餐名物,東京・新宿,Day 15,法餐名廚親自打造的頂級炸豬排專門店！特選岩手白金豚低溫慢炸，肉質粉嫩多汁,★★★★☆,新宿三丁目步行 3 分,https://www.google.com/maps/search/?api=1&query=%E3%81%A8%E3%82%93%E3%81%8B%E3%81%A4%20%E3%82%B8%E3%83%BC%E3%82%A8%E3%82%B9%20%E6%9D%B1%E4%BA%AC%E9%83%BD%E6%96%B0%E5%AE%BF%E5%8C%BA,https://tabelog.com/rstLst/?sw=%E3%81%A8%E3%82%93%E3%81%8B%E3%81%A4%20%E3%82%B8%E3%83%BC%E3%82%A8%E3%82%B9
駿河屋 (成田山表參道 本店),駿河屋 成田山表参道 千葉県成田市,正餐名物,成田・歸途,Day 16,【食べログ うなぎ百名店！創業二百二十年名門】以靜岡大井川共水鰻與百年特製秘醬炭火現烤，外酥內嫩魚脂香氣濃郁入口即化,★★★★★,京成成田站步行 10 分,https://www.google.com/maps/search/?api=1&query=%E9%A7%BF%E6%B2%B3%E5%B1%8B%20%E6%88%90%E7%94%B0%E5%B1%B1%E8%A1%A8%E5%8F%82%E9%81%93%20%E5%8D%83%E8%91%89%E7%9C%8C%E6%88%90%E7%94%B0%E5%B8%82,https://tabelog.com/rstLst/?sw=%E9%A7%BF%E6%B2%B3%E5%B1%8B%20%E6%88%90%E7%94%B0%E5%B1%B1%E8%A1%A8%E5%8F%82%E9%81%93
川豊 本店 (成田山表參道),川豊 本店 成田山表参道 千葉県成田市,正餐名物,成田・歸途,Day 16,【食べログ うなぎ百名店！成田第一排隊名店】店門口現宰現串現烤！特製鰻魚飯佐山椒粉甘甜回甘,★★★★★,表參道中心步行 11 分,https://www.google.com/maps/search/?api=1&query=%E5%B7%9D%E8%B1%8A%20%E6%9C%AC%E5%BA%97%20%E6%88%90%E7%94%B0%E5%B1%B1%E8%A1%A8%E5%8F%82%E9%81%93%20%E5%8D%83%E8%91%89%E7%9C%8C%E6%88%90%E7%94%B0%E5%B8%82,https://tabelog.com/rstLst/?sw=%E5%B7%9D%E8%B1%8A%20%E6%9C%AC%E5%BA%97%20%E6%88%90%E7%94%B0%E5%B1%B1%E8%A1%A8%E5%8F%82%E9%81%93
成田機場 T1 唐朝刀削麵,成田機場 T1 唐朝刀削麵 千葉県成田市,正餐名物,成田・歸途,Day 16,現場手工刀削麵！特製酸辣海鮮湯刀削麵與黑醋豚角煮麵，麵體筋道彈牙,★★★★☆,成田 T1 5F 展望美食街,https://www.google.com/maps/search/?api=1&query=%E6%88%90%E7%94%B0%E6%A9%9F%E5%A0%B4%20T1%20%E5%94%90%E6%9C%9D%E5%88%80%E5%89%8A%E9%BA%B5%20%E5%8D%83%E8%91%89%E7%9C%8C%E6%88%90%E7%94%B0%E5%B8%82,https://tabelog.com/rstLst/?sw=%E6%88%90%E7%94%B0%E6%A9%9F%E5%A0%B4%20T1%20%E5%94%90%E6%9C%9D%E5%88%80%E5%89%8A%E9%BA%B5
麺屋 海神 新宿店 (鮮魚白湯拉麵),麺屋 海神 新宿 東京都新宿区,正餐名物,成田・歸途,Day 16,當日五種鮮魚骨精熬黃金魚湯，搭配手工鱈魚蝦丸與烤飯糰,★★★★★,新宿東南口步行 1 分,https://www.google.com/maps/search/?api=1&query=%E9%BA%BA%E5%B1%8B%20%E6%B5%B7%E7%A5%9E%20%E6%96%B0%E5%AE%BF%20%E6%9D%B1%E4%BA%AC%E9%83%BD%E6%96%B0%E5%AE%BF%E5%8C%BA,https://tabelog.com/rstLst/?sw=%E9%BA%BA%E5%B1%8B%20%E6%B5%B7%E7%A5%9E%20%E6%96%B0%E5%AE%BF
すし京辰 (Kyotatsu 成田 T1),すし京辰 千葉県成田市,正餐名物,成田・歸途,Day 16,通關後最頂級握壽司！天然本鮪大腹、北海道海膽與煮穴子江戶前握壽司,★★★★☆,成田 T1 3F 國際線出境管制區內,https://www.google.com/maps/search/?api=1&query=%E3%81%99%E3%81%97%E4%BA%AC%E8%BE%B0%20%E5%8D%83%E8%91%89%E7%9C%8C%E6%88%90%E7%94%B0%E5%B8%82,https://tabelog.com/rstLst/?sw=%E3%81%99%E3%81%97%E4%BA%AC%E8%BE%B0
一蘭 新宿中央東口店 (天然豚骨拉麵),一蘭 新宿中央東口店 東京都新宿区,正餐名物,成田・歸途,Day 16,獨立隔間專注品味純豚骨濃郁湯頭與秘傳紅色赤紅辣醬,★★★★☆,新宿東口步行 2 分,https://www.google.com/maps/search/?api=1&query=%E4%B8%80%E8%98%AD%20%E6%96%B0%E5%AE%BF%E4%B8%AD%E5%A4%AE%E6%9D%B1%E5%8F%A3%E5%BA%97%20%E6%9D%B1%E4%BA%AC%E9%83%BD%E6%96%B0%E5%AE%BF%E5%8C%BA,https://tabelog.com/rstLst/?sw=%E4%B8%80%E8%98%AD%20%E6%96%B0%E5%AE%BF%E4%B8%AD%E5%A4%AE%E6%9D%B1%E5%8F%A3%E5%BA%97
麥の香 讚岐烏龍麵 (成田 T1),麥の香 讚岐烏龍麵 千葉県成田市,正餐名物,成田・歸途,Day 16,溫泉蛋冷烏龍佐柴魚濃汁與現炸櫻花蝦天婦羅,★★★★☆,成田 T1 5F 美食街,https://www.google.com/maps/search/?api=1&query=%E9%BA%A5%E3%81%AE%E9%A6%99%20%E8%AE%9A%E5%B2%90%E7%83%8F%E9%BE%8D%E9%BA%B5%20%E5%8D%83%E8%91%89%E7%9C%8C%E6%88%90%E7%94%B0%E5%B8%82,https://tabelog.com/rstLst/?sw=%E9%BA%A5%E3%81%AE%E9%A6%99%20%E8%AE%9A%E5%B2%90%E7%83%8F%E9%BE%8D%E9%BA%B5
